<?xml version="1.0" standalone="yes"?>
<DocumentElement>
  <WorldMap>
    <UserName>Check</UserName>
    <ipAddess>2.50.134.128</ipAddess>
    <ipAddessTarget>10.25.1.215</ipAddessTarget>
    <creationTime>2015-06-17 05:00:00.0000000</creationTime>
    <attackCount>623</attackCount>
    <latitude>24.46667</latitude>
    <longitude>54.36667</longitude>
    <city>ABU DHABI</city>
    <country>UNITED ARAB EMIRATES</country>
    <listStatus>Normal</listStatus>
    <destinationport>80</destinationport>
    <ImagePath>Images/WIValid.png</ImagePath>
  </WorldMap>
  <WorldMap>
    <UserName>Check</UserName>
    <ipAddess>2.50.134.67</ipAddess>
    <ipAddessTarget>10.25.1.215</ipAddessTarget>
    <creationTime>2015-06-17 05:00:00.0000000</creationTime>
    <attackCount>592</attackCount>
    <latitude>24.46667</latitude>
    <longitude>54.36667</longitude>
    <city>ABU DHABI</city>
    <country>UNITED ARAB EMIRATES</country>
    <listStatus>Normal</listStatus>
    <destinationport>80</destinationport>
    <ImagePath>Images/WIValid.png</ImagePath>
  </WorldMap>
  <WorldMap>
    <UserName>Check</UserName>
    <ipAddess>2.50.135.75</ipAddess>
    <ipAddessTarget>10.25.1.215</ipAddessTarget>
    <creationTime>2015-06-17 05:00:00.0000000</creationTime>
    <attackCount>584</attackCount>
    <latitude>24.11028</latitude>
    <longitude>52.73056</longitude>
    <city>AR RUWAYS</city>
    <country>UNITED ARAB EMIRATES</country>
    <listStatus>Normal</listStatus>
    <destinationport>80</destinationport>
    <ImagePath>Images/WIValid.png</ImagePath>
  </WorldMap>
  <WorldMap>
    <UserName>Check</UserName>
    <ipAddess>83.110.74.132</ipAddess>
    <ipAddessTarget>10.25.1.214</ipAddessTarget>
    <creationTime>2015-06-17 05:00:00.0000000</creationTime>
    <attackCount>570</attackCount>
    <latitude>24.46667</latitude>
    <longitude>54.36667</longitude>
    <city>ABU DHABI</city>
    <country>UNITED ARAB EMIRATES</country>
    <listStatus>Normal</listStatus>
    <destinationport>80</destinationport>
    <ImagePath>Images/WIValid.png</ImagePath>
  </WorldMap>
  <WorldMap>
    <UserName>Check</UserName>
    <ipAddess>2.50.151.141</ipAddess>
    <ipAddessTarget>10.25.1.214</ipAddessTarget>
    <creationTime>2015-06-17 05:00:00.0000000</creationTime>
    <attackCount>559</attackCount>
    <latitude>25.25817</latitude>
    <longitude>55.30472</longitude>
    <city>DUBAI</city>
    <country>UNITED ARAB EMIRATES</country>
    <listStatus>Normal</listStatus>
    <destinationport>80</destinationport>
    <ImagePath>Images/WIValid.png</ImagePath>
  </WorldMap>
  <WorldMap>
    <UserName>Check</UserName>
    <ipAddess>2.50.147.195</ipAddess>
    <ipAddessTarget>10.25.1.215</ipAddessTarget>
    <creationTime>2015-06-17 05:00:00.0000000</creationTime>
    <attackCount>553</attackCount>
    <latitude>25.25817</latitude>
    <longitude>55.30472</longitude>
    <city>DUBAI</city>
    <country>UNITED ARAB EMIRATES</country>
    <listStatus>Normal</listStatus>
    <destinationport>80</destinationport>
    <ImagePath>Images/WIValid.png</ImagePath>
  </WorldMap>
  <WorldMap>
    <UserName>Check</UserName>
    <ipAddess>2.50.135.212</ipAddess>
    <ipAddessTarget>10.25.1.214</ipAddessTarget>
    <creationTime>2015-06-17 05:00:00.0000000</creationTime>
    <attackCount>536</attackCount>
    <latitude>24.11028</latitude>
    <longitude>52.73056</longitude>
    <city>AR RUWAYS</city>
    <country>UNITED ARAB EMIRATES</country>
    <listStatus>Normal</listStatus>
    <destinationport>80</destinationport>
    <ImagePath>Images/WIValid.png</ImagePath>
  </WorldMap>
  <WorldMap>
    <UserName>Check</UserName>
    <ipAddess>2.50.143.86</ipAddess>
    <ipAddessTarget>10.25.1.214</ipAddessTarget>
    <creationTime>2015-06-17 05:00:00.0000000</creationTime>
    <attackCount>525</attackCount>
    <latitude>24.46667</latitude>
    <longitude>54.36667</longitude>
    <city>ABU DHABI</city>
    <country>UNITED ARAB EMIRATES</country>
    <listStatus>Normal</listStatus>
    <destinationport>80</destinationport>
    <ImagePath>Images/WIValid.png</ImagePath>
  </WorldMap>
  <WorldMap>
    <UserName>Check</UserName>
    <ipAddess>83.110.17.112</ipAddess>
    <ipAddessTarget>10.25.1.215</ipAddessTarget>
    <creationTime>2015-06-17 05:00:00.0000000</creationTime>
    <attackCount>508</attackCount>
    <latitude>24.46667</latitude>
    <longitude>54.36667</longitude>
    <city>ABU DHABI</city>
    <country>UNITED ARAB EMIRATES</country>
    <listStatus>Normal</listStatus>
    <destinationport>80</destinationport>
    <ImagePath>Images/WIValid.png</ImagePath>
  </WorldMap>
  <WorldMap>
    <UserName>Check</UserName>
    <ipAddess>2.50.169.52</ipAddess>
    <ipAddessTarget>10.25.1.215</ipAddessTarget>
    <creationTime>2015-06-17 05:00:00.0000000</creationTime>
    <attackCount>507</attackCount>
    <latitude>24.46667</latitude>
    <longitude>54.36667</longitude>
    <city>ABU DHABI</city>
    <country>UNITED ARAB EMIRATES</country>
    <listStatus>Normal</listStatus>
    <destinationport>80</destinationport>
    <ImagePath>Images/WIValid.png</ImagePath>
  </WorldMap>
  <WorldMap>
    <UserName>Check</UserName>
    <ipAddess>2.50.137.28</ipAddess>
    <ipAddessTarget>10.25.1.214</ipAddessTarget>
    <creationTime>2015-06-17 05:00:00.0000000</creationTime>
    <attackCount>484</attackCount>
    <latitude>24.46667</latitude>
    <longitude>54.36667</longitude>
    <city>ABU DHABI</city>
    <country>UNITED ARAB EMIRATES</country>
    <listStatus>Normal</listStatus>
    <destinationport>80</destinationport>
    <ImagePath>Images/WIValid.png</ImagePath>
  </WorldMap>
  <WorldMap>
    <UserName>Check</UserName>
    <ipAddess>86.98.68.12</ipAddess>
    <ipAddessTarget>10.25.1.214</ipAddessTarget>
    <creationTime>2015-06-17 05:00:00.0000000</creationTime>
    <attackCount>484</attackCount>
    <latitude>25.25817</latitude>
    <longitude>55.30472</longitude>
    <city>DUBAI</city>
    <country>UNITED ARAB EMIRATES</country>
    <listStatus>Normal</listStatus>
    <destinationport>80</destinationport>
    <ImagePath>Images/WIValid.png</ImagePath>
  </WorldMap>
  <WorldMap>
    <UserName>Check</UserName>
    <ipAddess>2.50.134.38</ipAddess>
    <ipAddessTarget>10.25.1.214</ipAddessTarget>
    <creationTime>2015-06-17 05:00:00.0000000</creationTime>
    <attackCount>483</attackCount>
    <latitude>24.46667</latitude>
    <longitude>54.36667</longitude>
    <city>ABU DHABI</city>
    <country>UNITED ARAB EMIRATES</country>
    <listStatus>Normal</listStatus>
    <destinationport>80</destinationport>
    <ImagePath>Images/WIValid.png</ImagePath>
  </WorldMap>
  <WorldMap>
    <UserName>Check</UserName>
    <ipAddess>2.50.135.68</ipAddess>
    <ipAddessTarget>10.25.1.214</ipAddessTarget>
    <creationTime>2015-06-17 05:00:00.0000000</creationTime>
    <attackCount>479</attackCount>
    <latitude>24.11028</latitude>
    <longitude>52.73056</longitude>
    <city>AR RUWAYS</city>
    <country>UNITED ARAB EMIRATES</country>
    <listStatus>Normal</listStatus>
    <destinationport>80</destinationport>
    <ImagePath>Images/WIValid.png</ImagePath>
  </WorldMap>
  <WorldMap>
    <UserName>Check</UserName>
    <ipAddess>2.50.134.159</ipAddess>
    <ipAddessTarget>10.25.1.215</ipAddessTarget>
    <creationTime>2015-06-17 05:00:00.0000000</creationTime>
    <attackCount>450</attackCount>
    <latitude>24.46667</latitude>
    <longitude>54.36667</longitude>
    <city>ABU DHABI</city>
    <country>UNITED ARAB EMIRATES</country>
    <listStatus>Normal</listStatus>
    <destinationport>80</destinationport>
    <ImagePath>Images/WIValid.png</ImagePath>
  </WorldMap>
  <WorldMap>
    <UserName>Check</UserName>
    <ipAddess>2.50.134.102</ipAddess>
    <ipAddessTarget>10.25.1.215</ipAddessTarget>
    <creationTime>2015-06-17 05:00:00.0000000</creationTime>
    <attackCount>449</attackCount>
    <latitude>24.46667</latitude>
    <longitude>54.36667</longitude>
    <city>ABU DHABI</city>
    <country>UNITED ARAB EMIRATES</country>
    <listStatus>Normal</listStatus>
    <destinationport>80</destinationport>
    <ImagePath>Images/WIValid.png</ImagePath>
  </WorldMap>
  <WorldMap>
    <UserName>Check</UserName>
    <ipAddess>2.50.134.134</ipAddess>
    <ipAddessTarget>10.25.1.214</ipAddessTarget>
    <creationTime>2015-06-17 05:00:00.0000000</creationTime>
    <attackCount>443</attackCount>
    <latitude>24.46667</latitude>
    <longitude>54.36667</longitude>
    <city>ABU DHABI</city>
    <country>UNITED ARAB EMIRATES</country>
    <listStatus>Normal</listStatus>
    <destinationport>80</destinationport>
    <ImagePath>Images/WIValid.png</ImagePath>
  </WorldMap>
  <WorldMap>
    <UserName>Check</UserName>
    <ipAddess>2.50.134.80</ipAddess>
    <ipAddessTarget>10.25.1.214</ipAddessTarget>
    <creationTime>2015-06-17 05:00:00.0000000</creationTime>
    <attackCount>440</attackCount>
    <latitude>24.46667</latitude>
    <longitude>54.36667</longitude>
    <city>ABU DHABI</city>
    <country>UNITED ARAB EMIRATES</country>
    <listStatus>Normal</listStatus>
    <destinationport>80</destinationport>
    <ImagePath>Images/WIValid.png</ImagePath>
  </WorldMap>
  <WorldMap>
    <UserName>Check</UserName>
    <ipAddess>2.50.135.85</ipAddess>
    <ipAddessTarget>10.25.1.214</ipAddessTarget>
    <creationTime>2015-06-17 05:00:00.0000000</creationTime>
    <attackCount>439</attackCount>
    <latitude>24.11028</latitude>
    <longitude>52.73056</longitude>
    <city>AR RUWAYS</city>
    <country>UNITED ARAB EMIRATES</country>
    <listStatus>Normal</listStatus>
    <destinationport>80</destinationport>
    <ImagePath>Images/WIValid.png</ImagePath>
  </WorldMap>
  <WorldMap>
    <UserName>Check</UserName>
    <ipAddess>2.50.134.82</ipAddess>
    <ipAddessTarget>10.25.1.215</ipAddessTarget>
    <creationTime>2015-06-17 05:00:00.0000000</creationTime>
    <attackCount>438</attackCount>
    <latitude>24.46667</latitude>
    <longitude>54.36667</longitude>
    <city>ABU DHABI</city>
    <country>UNITED ARAB EMIRATES</country>
    <listStatus>Normal</listStatus>
    <destinationport>80</destinationport>
    <ImagePath>Images/WIValid.png</ImagePath>
  </WorldMap>
  <WorldMap>
    <UserName>Check</UserName>
    <ipAddess>2.50.17.249</ipAddess>
    <ipAddessTarget>10.25.1.214</ipAddessTarget>
    <creationTime>2015-06-17 05:00:00.0000000</creationTime>
    <attackCount>427</attackCount>
    <latitude>25.25817</latitude>
    <longitude>55.30472</longitude>
    <city>DUBAI</city>
    <country>UNITED ARAB EMIRATES</country>
    <listStatus>Normal</listStatus>
    <destinationport>80</destinationport>
    <ImagePath>Images/WIValid.png</ImagePath>
  </WorldMap>
  <WorldMap>
    <UserName>Check</UserName>
    <ipAddess>86.98.150.73</ipAddess>
    <ipAddessTarget>10.25.1.215</ipAddessTarget>
    <creationTime>2015-06-17 05:00:00.0000000</creationTime>
    <attackCount>411</attackCount>
    <latitude>25.25817</latitude>
    <longitude>55.30472</longitude>
    <city>DUBAI</city>
    <country>UNITED ARAB EMIRATES</country>
    <listStatus>Normal</listStatus>
    <destinationport>80</destinationport>
    <ImagePath>Images/WIValid.png</ImagePath>
  </WorldMap>
  <WorldMap>
    <UserName>Check</UserName>
    <ipAddess>2.50.135.31</ipAddess>
    <ipAddessTarget>10.25.1.215</ipAddessTarget>
    <creationTime>2015-06-17 05:00:00.0000000</creationTime>
    <attackCount>4248</attackCount>
    <latitude>24.11028</latitude>
    <longitude>52.73056</longitude>
    <city>AR RUWAYS</city>
    <country>UNITED ARAB EMIRATES</country>
    <listStatus>Normal</listStatus>
    <destinationport>80</destinationport>
    <ImagePath>Images/WIValid.png</ImagePath>
  </WorldMap>
  <WorldMap>
    <UserName>Check</UserName>
    <ipAddess>2.50.134.89</ipAddess>
    <ipAddessTarget>10.25.1.214</ipAddessTarget>
    <creationTime>2015-06-17 05:00:00.0000000</creationTime>
    <attackCount>3172</attackCount>
    <latitude>24.46667</latitude>
    <longitude>54.36667</longitude>
    <city>ABU DHABI</city>
    <country>UNITED ARAB EMIRATES</country>
    <listStatus>Normal</listStatus>
    <destinationport>80</destinationport>
    <ImagePath>Images/WIValid.png</ImagePath>
  </WorldMap>
  <WorldMap>
    <UserName>Check</UserName>
    <ipAddess>2.50.134.13</ipAddess>
    <ipAddessTarget>10.25.1.215</ipAddessTarget>
    <creationTime>2015-06-17 05:00:00.0000000</creationTime>
    <attackCount>3043</attackCount>
    <latitude>24.46667</latitude>
    <longitude>54.36667</longitude>
    <city>ABU DHABI</city>
    <country>UNITED ARAB EMIRATES</country>
    <listStatus>Normal</listStatus>
    <destinationport>80</destinationport>
    <ImagePath>Images/WIValid.png</ImagePath>
  </WorldMap>
  <WorldMap>
    <UserName>Check</UserName>
    <ipAddess>2.50.135.152</ipAddess>
    <ipAddessTarget>10.25.1.215</ipAddessTarget>
    <creationTime>2015-06-17 05:00:00.0000000</creationTime>
    <attackCount>2692</attackCount>
    <latitude>24.11028</latitude>
    <longitude>52.73056</longitude>
    <city>AR RUWAYS</city>
    <country>UNITED ARAB EMIRATES</country>
    <listStatus>Normal</listStatus>
    <destinationport>80</destinationport>
    <ImagePath>Images/WIValid.png</ImagePath>
  </WorldMap>
  <WorldMap>
    <UserName>Check</UserName>
    <ipAddess>2.50.189.118</ipAddess>
    <ipAddessTarget>10.25.1.214</ipAddessTarget>
    <creationTime>2015-06-17 05:00:00.0000000</creationTime>
    <attackCount>2319</attackCount>
    <latitude>25.25817</latitude>
    <longitude>55.30472</longitude>
    <city>DUBAI</city>
    <country>UNITED ARAB EMIRATES</country>
    <listStatus>Normal</listStatus>
    <destinationport>80</destinationport>
    <ImagePath>Images/WIValid.png</ImagePath>
  </WorldMap>
  <WorldMap>
    <UserName>Check</UserName>
    <ipAddess>2.50.135.83</ipAddess>
    <ipAddessTarget>10.25.1.215</ipAddessTarget>
    <creationTime>2015-06-17 05:00:00.0000000</creationTime>
    <attackCount>2308</attackCount>
    <latitude>24.11028</latitude>
    <longitude>52.73056</longitude>
    <city>AR RUWAYS</city>
    <country>UNITED ARAB EMIRATES</country>
    <listStatus>Normal</listStatus>
    <destinationport>80</destinationport>
    <ImagePath>Images/WIValid.png</ImagePath>
  </WorldMap>
  <WorldMap>
    <UserName>Check</UserName>
    <ipAddess>2.50.134.221</ipAddess>
    <ipAddessTarget>10.25.1.214</ipAddessTarget>
    <creationTime>2015-06-17 05:00:00.0000000</creationTime>
    <attackCount>2164</attackCount>
    <latitude>24.46667</latitude>
    <longitude>54.36667</longitude>
    <city>ABU DHABI</city>
    <country>UNITED ARAB EMIRATES</country>
    <listStatus>Normal</listStatus>
    <destinationport>80</destinationport>
    <ImagePath>Images/WIValid.png</ImagePath>
  </WorldMap>
  <WorldMap>
    <UserName>Check</UserName>
    <ipAddess>2.50.135.47</ipAddess>
    <ipAddessTarget>10.25.1.214</ipAddessTarget>
    <creationTime>2015-06-17 05:00:00.0000000</creationTime>
    <attackCount>2123</attackCount>
    <latitude>24.11028</latitude>
    <longitude>52.73056</longitude>
    <city>AR RUWAYS</city>
    <country>UNITED ARAB EMIRATES</country>
    <listStatus>Normal</listStatus>
    <destinationport>80</destinationport>
    <ImagePath>Images/WIValid.png</ImagePath>
  </WorldMap>
  <WorldMap>
    <UserName>Check</UserName>
    <ipAddess>2.50.134.159</ipAddess>
    <ipAddessTarget>10.25.1.214</ipAddessTarget>
    <creationTime>2015-06-17 05:00:00.0000000</creationTime>
    <attackCount>2105</attackCount>
    <latitude>24.46667</latitude>
    <longitude>54.36667</longitude>
    <city>ABU DHABI</city>
    <country>UNITED ARAB EMIRATES</country>
    <listStatus>Normal</listStatus>
    <destinationport>80</destinationport>
    <ImagePath>Images/WIValid.png</ImagePath>
  </WorldMap>
  <WorldMap>
    <UserName>Check</UserName>
    <ipAddess>2.50.135.115</ipAddess>
    <ipAddessTarget>10.25.1.215</ipAddessTarget>
    <creationTime>2015-06-17 05:00:00.0000000</creationTime>
    <attackCount>2045</attackCount>
    <latitude>24.11028</latitude>
    <longitude>52.73056</longitude>
    <city>AR RUWAYS</city>
    <country>UNITED ARAB EMIRATES</country>
    <listStatus>Normal</listStatus>
    <destinationport>80</destinationport>
    <ImagePath>Images/WIValid.png</ImagePath>
  </WorldMap>
  <WorldMap>
    <UserName>Check</UserName>
    <ipAddess>72.5.231.11</ipAddess>
    <ipAddessTarget>10.25.1.202</ipAddessTarget>
    <creationTime>2015-06-17 05:00:00.0000000</creationTime>
    <attackCount>1982</attackCount>
    <latitude>33.753601</latitude>
    <longitude>-84.390145</longitude>
    <city>ATLANTA</city>
    <country>UNITED STATES</country>
    <listStatus>Normal</listStatus>
    <destinationport>443</destinationport>
    <ImagePath>Images/WIValid.png</ImagePath>
  </WorldMap>
  <WorldMap>
    <UserName>Check</UserName>
    <ipAddess>2.50.131.5</ipAddess>
    <ipAddessTarget>10.25.1.215</ipAddessTarget>
    <creationTime>2015-06-17 05:00:00.0000000</creationTime>
    <attackCount>407</attackCount>
    <latitude>24.19167</latitude>
    <longitude>55.76056</longitude>
    <city>AL 'AYN</city>
    <country>UNITED ARAB EMIRATES</country>
    <listStatus>Normal</listStatus>
    <destinationport>80</destinationport>
    <ImagePath>Images/WIValid.png</ImagePath>
  </WorldMap>
  <WorldMap>
    <UserName>Check</UserName>
    <ipAddess>2.50.134.82</ipAddess>
    <ipAddessTarget>10.25.1.214</ipAddessTarget>
    <creationTime>2015-06-17 05:00:00.0000000</creationTime>
    <attackCount>391</attackCount>
    <latitude>24.46667</latitude>
    <longitude>54.36667</longitude>
    <city>ABU DHABI</city>
    <country>UNITED ARAB EMIRATES</country>
    <listStatus>Normal</listStatus>
    <destinationport>80</destinationport>
    <ImagePath>Images/WIValid.png</ImagePath>
  </WorldMap>
  <WorldMap>
    <UserName>Check</UserName>
    <ipAddess>2.50.160.221</ipAddess>
    <ipAddessTarget>10.25.1.215</ipAddessTarget>
    <creationTime>2015-06-17 05:00:00.0000000</creationTime>
    <attackCount>381</attackCount>
    <latitude>24.46667</latitude>
    <longitude>54.36667</longitude>
    <city>ABU DHABI</city>
    <country>UNITED ARAB EMIRATES</country>
    <listStatus>Normal</listStatus>
    <destinationport>80</destinationport>
    <ImagePath>Images/WIValid.png</ImagePath>
  </WorldMap>
  <WorldMap>
    <UserName>Check</UserName>
    <ipAddess>2.50.169.85</ipAddess>
    <ipAddessTarget>10.25.1.215</ipAddessTarget>
    <creationTime>2015-06-17 05:00:00.0000000</creationTime>
    <attackCount>380</attackCount>
    <latitude>24.46667</latitude>
    <longitude>54.36667</longitude>
    <city>ABU DHABI</city>
    <country>UNITED ARAB EMIRATES</country>
    <listStatus>Normal</listStatus>
    <destinationport>80</destinationport>
    <ImagePath>Images/WIValid.png</ImagePath>
  </WorldMap>
  <WorldMap>
    <UserName>Check</UserName>
    <ipAddess>2.50.134.94</ipAddess>
    <ipAddessTarget>10.25.1.214</ipAddessTarget>
    <creationTime>2015-06-17 05:00:00.0000000</creationTime>
    <attackCount>374</attackCount>
    <latitude>24.46667</latitude>
    <longitude>54.36667</longitude>
    <city>ABU DHABI</city>
    <country>UNITED ARAB EMIRATES</country>
    <listStatus>Normal</listStatus>
    <destinationport>80</destinationport>
    <ImagePath>Images/WIValid.png</ImagePath>
  </WorldMap>
  <WorldMap>
    <UserName>Check</UserName>
    <ipAddess>2.50.151.141</ipAddess>
    <ipAddessTarget>10.25.1.215</ipAddessTarget>
    <creationTime>2015-06-17 05:00:00.0000000</creationTime>
    <attackCount>371</attackCount>
    <latitude>25.25817</latitude>
    <longitude>55.30472</longitude>
    <city>DUBAI</city>
    <country>UNITED ARAB EMIRATES</country>
    <listStatus>Normal</listStatus>
    <destinationport>80</destinationport>
    <ImagePath>Images/WIValid.png</ImagePath>
  </WorldMap>
  <WorldMap>
    <UserName>Check</UserName>
    <ipAddess>2.50.150.15</ipAddess>
    <ipAddessTarget>10.25.1.214</ipAddessTarget>
    <creationTime>2015-06-17 05:00:00.0000000</creationTime>
    <attackCount>350</attackCount>
    <latitude>24.46667</latitude>
    <longitude>54.36667</longitude>
    <city>ABU DHABI</city>
    <country>UNITED ARAB EMIRATES</country>
    <listStatus>Normal</listStatus>
    <destinationport>80</destinationport>
    <ImagePath>Images/WIValid.png</ImagePath>
  </WorldMap>
  <WorldMap>
    <UserName>Check</UserName>
    <ipAddess>2.50.134.146</ipAddess>
    <ipAddessTarget>10.25.1.214</ipAddessTarget>
    <creationTime>2015-06-17 05:00:00.0000000</creationTime>
    <attackCount>330</attackCount>
    <latitude>24.46667</latitude>
    <longitude>54.36667</longitude>
    <city>ABU DHABI</city>
    <country>UNITED ARAB EMIRATES</country>
    <listStatus>Normal</listStatus>
    <destinationport>80</destinationport>
    <ImagePath>Images/WIValid.png</ImagePath>
  </WorldMap>
  <WorldMap>
    <UserName>Check</UserName>
    <ipAddess>83.111.97.186</ipAddess>
    <ipAddessTarget>10.25.1.215</ipAddessTarget>
    <creationTime>2015-06-17 05:00:00.0000000</creationTime>
    <attackCount>324</attackCount>
    <latitude>25.25817</latitude>
    <longitude>55.30472</longitude>
    <city>DUBAI</city>
    <country>UNITED ARAB EMIRATES</country>
    <listStatus>Normal</listStatus>
    <destinationport>80</destinationport>
    <ImagePath>Images/WIValid.png</ImagePath>
  </WorldMap>
  <WorldMap>
    <UserName>Check</UserName>
    <ipAddess>2.50.181.194</ipAddess>
    <ipAddessTarget>10.25.1.215</ipAddessTarget>
    <creationTime>2015-06-17 05:00:00.0000000</creationTime>
    <attackCount>306</attackCount>
    <latitude>25.25817</latitude>
    <longitude>55.30472</longitude>
    <city>DUBAI</city>
    <country>UNITED ARAB EMIRATES</country>
    <listStatus>Normal</listStatus>
    <destinationport>80</destinationport>
    <ImagePath>Images/WIValid.png</ImagePath>
  </WorldMap>
  <WorldMap>
    <UserName>Check</UserName>
    <ipAddess>83.110.73.198</ipAddess>
    <ipAddessTarget>10.25.1.215</ipAddessTarget>
    <creationTime>2015-06-17 05:00:00.0000000</creationTime>
    <attackCount>304</attackCount>
    <latitude>25.25817</latitude>
    <longitude>55.30472</longitude>
    <city>DUBAI</city>
    <country>UNITED ARAB EMIRATES</country>
    <listStatus>Normal</listStatus>
    <destinationport>80</destinationport>
    <ImagePath>Images/WIValid.png</ImagePath>
  </WorldMap>
  <WorldMap>
    <UserName>Check</UserName>
    <ipAddess>2.50.135.141</ipAddess>
    <ipAddessTarget>10.25.1.215</ipAddessTarget>
    <creationTime>2015-06-17 05:00:00.0000000</creationTime>
    <attackCount>286</attackCount>
    <latitude>24.11028</latitude>
    <longitude>52.73056</longitude>
    <city>AR RUWAYS</city>
    <country>UNITED ARAB EMIRATES</country>
    <listStatus>Normal</listStatus>
    <destinationport>80</destinationport>
    <ImagePath>Images/WIValid.png</ImagePath>
  </WorldMap>
  <WorldMap>
    <UserName>Check</UserName>
    <ipAddess>2.50.135.22</ipAddess>
    <ipAddessTarget>10.25.1.214</ipAddessTarget>
    <creationTime>2015-06-17 05:00:00.0000000</creationTime>
    <attackCount>284</attackCount>
    <latitude>24.11028</latitude>
    <longitude>52.73056</longitude>
    <city>AR RUWAYS</city>
    <country>UNITED ARAB EMIRATES</country>
    <listStatus>Normal</listStatus>
    <destinationport>80</destinationport>
    <ImagePath>Images/WIValid.png</ImagePath>
  </WorldMap>
  <WorldMap>
    <UserName>Check</UserName>
    <ipAddess>86.98.67.170</ipAddess>
    <ipAddessTarget>10.25.1.215</ipAddessTarget>
    <creationTime>2015-06-17 05:00:00.0000000</creationTime>
    <attackCount>274</attackCount>
    <latitude>25.25817</latitude>
    <longitude>55.30472</longitude>
    <city>DUBAI</city>
    <country>UNITED ARAB EMIRATES</country>
    <listStatus>Normal</listStatus>
    <destinationport>80</destinationport>
    <ImagePath>Images/WIValid.png</ImagePath>
  </WorldMap>
  <WorldMap>
    <UserName>Check</UserName>
    <ipAddess>2.50.150.151</ipAddess>
    <ipAddessTarget>10.25.1.215</ipAddessTarget>
    <creationTime>2015-06-17 05:00:00.0000000</creationTime>
    <attackCount>272</attackCount>
    <latitude>24.46667</latitude>
    <longitude>54.36667</longitude>
    <city>ABU DHABI</city>
    <country>UNITED ARAB EMIRATES</country>
    <listStatus>Normal</listStatus>
    <destinationport>80</destinationport>
    <ImagePath>Images/WIValid.png</ImagePath>
  </WorldMap>
  <WorldMap>
    <UserName>Check</UserName>
    <ipAddess>83.110.74.30</ipAddess>
    <ipAddessTarget>10.25.1.215</ipAddessTarget>
    <creationTime>2015-06-17 05:00:00.0000000</creationTime>
    <attackCount>271</attackCount>
    <latitude>24.46667</latitude>
    <longitude>54.36667</longitude>
    <city>ABU DHABI</city>
    <country>UNITED ARAB EMIRATES</country>
    <listStatus>Normal</listStatus>
    <destinationport>80</destinationport>
    <ImagePath>Images/WIValid.png</ImagePath>
  </WorldMap>
  <WorldMap>
    <UserName>Check</UserName>
    <ipAddess>2.50.142.101</ipAddess>
    <ipAddessTarget>10.25.1.214</ipAddessTarget>
    <creationTime>2015-06-17 05:00:00.0000000</creationTime>
    <attackCount>263</attackCount>
    <latitude>24.46667</latitude>
    <longitude>54.36667</longitude>
    <city>ABU DHABI</city>
    <country>UNITED ARAB EMIRATES</country>
    <listStatus>Normal</listStatus>
    <destinationport>80</destinationport>
    <ImagePath>Images/WIValid.png</ImagePath>
  </WorldMap>
  <WorldMap>
    <UserName>Check</UserName>
    <ipAddess>83.110.93.24</ipAddess>
    <ipAddessTarget>10.25.1.215</ipAddessTarget>
    <creationTime>2015-06-17 05:00:00.0000000</creationTime>
    <attackCount>249</attackCount>
    <latitude>24.46667</latitude>
    <longitude>54.36667</longitude>
    <city>ABU DHABI</city>
    <country>UNITED ARAB EMIRATES</country>
    <listStatus>Normal</listStatus>
    <destinationport>80</destinationport>
    <ImagePath>Images/WIValid.png</ImagePath>
  </WorldMap>
  <WorldMap>
    <UserName>Check</UserName>
    <ipAddess>83.110.216.155</ipAddess>
    <ipAddessTarget>10.25.1.215</ipAddessTarget>
    <creationTime>2015-06-17 05:00:00.0000000</creationTime>
    <attackCount>244</attackCount>
    <latitude>25.25817</latitude>
    <longitude>55.30472</longitude>
    <city>DUBAI</city>
    <country>UNITED ARAB EMIRATES</country>
    <listStatus>Normal</listStatus>
    <destinationport>80</destinationport>
    <ImagePath>Images/WIValid.png</ImagePath>
  </WorldMap>
  <WorldMap>
    <UserName>Check</UserName>
    <ipAddess>2.50.135.143</ipAddess>
    <ipAddessTarget>10.25.1.215</ipAddessTarget>
    <creationTime>2015-06-17 05:00:00.0000000</creationTime>
    <attackCount>243</attackCount>
    <latitude>24.11028</latitude>
    <longitude>52.73056</longitude>
    <city>AR RUWAYS</city>
    <country>UNITED ARAB EMIRATES</country>
    <listStatus>Normal</listStatus>
    <destinationport>80</destinationport>
    <ImagePath>Images/WIValid.png</ImagePath>
  </WorldMap>
  <WorldMap>
    <UserName>Check</UserName>
    <ipAddess>2.50.135.229</ipAddess>
    <ipAddessTarget>10.25.1.214</ipAddessTarget>
    <creationTime>2015-06-17 05:00:00.0000000</creationTime>
    <attackCount>1943</attackCount>
    <latitude>24.11028</latitude>
    <longitude>52.73056</longitude>
    <city>AR RUWAYS</city>
    <country>UNITED ARAB EMIRATES</country>
    <listStatus>Normal</listStatus>
    <destinationport>80</destinationport>
    <ImagePath>Images/WIValid.png</ImagePath>
  </WorldMap>
  <WorldMap>
    <UserName>Check</UserName>
    <ipAddess>2.50.134.170</ipAddess>
    <ipAddessTarget>10.25.1.215</ipAddessTarget>
    <creationTime>2015-06-17 05:00:00.0000000</creationTime>
    <attackCount>1900</attackCount>
    <latitude>24.46667</latitude>
    <longitude>54.36667</longitude>
    <city>ABU DHABI</city>
    <country>UNITED ARAB EMIRATES</country>
    <listStatus>Normal</listStatus>
    <destinationport>80</destinationport>
    <ImagePath>Images/WIValid.png</ImagePath>
  </WorldMap>
  <WorldMap>
    <UserName>Check</UserName>
    <ipAddess>2.50.135.136</ipAddess>
    <ipAddessTarget>10.25.1.214</ipAddessTarget>
    <creationTime>2015-06-17 05:00:00.0000000</creationTime>
    <attackCount>1535</attackCount>
    <latitude>24.11028</latitude>
    <longitude>52.73056</longitude>
    <city>AR RUWAYS</city>
    <country>UNITED ARAB EMIRATES</country>
    <listStatus>Normal</listStatus>
    <destinationport>80</destinationport>
    <ImagePath>Images/WIValid.png</ImagePath>
  </WorldMap>
  <WorldMap>
    <UserName>Check</UserName>
    <ipAddess>2.50.135.208</ipAddess>
    <ipAddessTarget>10.25.1.214</ipAddessTarget>
    <creationTime>2015-06-17 05:00:00.0000000</creationTime>
    <attackCount>1496</attackCount>
    <latitude>24.11028</latitude>
    <longitude>52.73056</longitude>
    <city>AR RUWAYS</city>
    <country>UNITED ARAB EMIRATES</country>
    <listStatus>Normal</listStatus>
    <destinationport>80</destinationport>
    <ImagePath>Images/WIValid.png</ImagePath>
  </WorldMap>
  <WorldMap>
    <UserName>Check</UserName>
    <ipAddess>2.50.134.38</ipAddess>
    <ipAddessTarget>10.25.1.215</ipAddessTarget>
    <creationTime>2015-06-17 05:00:00.0000000</creationTime>
    <attackCount>1389</attackCount>
    <latitude>24.46667</latitude>
    <longitude>54.36667</longitude>
    <city>ABU DHABI</city>
    <country>UNITED ARAB EMIRATES</country>
    <listStatus>Normal</listStatus>
    <destinationport>80</destinationport>
    <ImagePath>Images/WIValid.png</ImagePath>
  </WorldMap>
  <WorldMap>
    <UserName>Check</UserName>
    <ipAddess>2.50.135.212</ipAddess>
    <ipAddessTarget>10.25.1.215</ipAddessTarget>
    <creationTime>2015-06-17 05:00:00.0000000</creationTime>
    <attackCount>1368</attackCount>
    <latitude>24.11028</latitude>
    <longitude>52.73056</longitude>
    <city>AR RUWAYS</city>
    <country>UNITED ARAB EMIRATES</country>
    <listStatus>Normal</listStatus>
    <destinationport>80</destinationport>
    <ImagePath>Images/WIValid.png</ImagePath>
  </WorldMap>
  <WorldMap>
    <UserName>Check</UserName>
    <ipAddess>2.50.135.208</ipAddess>
    <ipAddessTarget>10.25.1.215</ipAddessTarget>
    <creationTime>2015-06-17 05:00:00.0000000</creationTime>
    <attackCount>1321</attackCount>
    <latitude>24.11028</latitude>
    <longitude>52.73056</longitude>
    <city>AR RUWAYS</city>
    <country>UNITED ARAB EMIRATES</country>
    <listStatus>Normal</listStatus>
    <destinationport>80</destinationport>
    <ImagePath>Images/WIValid.png</ImagePath>
  </WorldMap>
  <WorldMap>
    <UserName>Check</UserName>
    <ipAddess>86.98.151.30</ipAddess>
    <ipAddessTarget>10.25.1.215</ipAddessTarget>
    <creationTime>2015-06-17 05:00:00.0000000</creationTime>
    <attackCount>1294</attackCount>
    <latitude>24.46667</latitude>
    <longitude>54.36667</longitude>
    <city>ABU DHABI</city>
    <country>UNITED ARAB EMIRATES</country>
    <listStatus>Normal</listStatus>
    <destinationport>80</destinationport>
    <ImagePath>Images/WIValid.png</ImagePath>
  </WorldMap>
  <WorldMap>
    <UserName>Check</UserName>
    <ipAddess>2.50.134.128</ipAddess>
    <ipAddessTarget>10.25.1.214</ipAddessTarget>
    <creationTime>2015-06-17 05:00:00.0000000</creationTime>
    <attackCount>1292</attackCount>
    <latitude>24.46667</latitude>
    <longitude>54.36667</longitude>
    <city>ABU DHABI</city>
    <country>UNITED ARAB EMIRATES</country>
    <listStatus>Normal</listStatus>
    <destinationport>80</destinationport>
    <ImagePath>Images/WIValid.png</ImagePath>
  </WorldMap>
  <WorldMap>
    <UserName>Check</UserName>
    <ipAddess>2.50.135.31</ipAddess>
    <ipAddessTarget>10.25.1.214</ipAddessTarget>
    <creationTime>2015-06-17 05:00:00.0000000</creationTime>
    <attackCount>1233</attackCount>
    <latitude>24.11028</latitude>
    <longitude>52.73056</longitude>
    <city>AR RUWAYS</city>
    <country>UNITED ARAB EMIRATES</country>
    <listStatus>Normal</listStatus>
    <destinationport>80</destinationport>
    <ImagePath>Images/WIValid.png</ImagePath>
  </WorldMap>
  <WorldMap>
    <UserName>Check</UserName>
    <ipAddess>2.50.149.146</ipAddess>
    <ipAddessTarget>10.25.1.214</ipAddessTarget>
    <creationTime>2015-06-17 05:00:00.0000000</creationTime>
    <attackCount>1148</attackCount>
    <latitude>24.46667</latitude>
    <longitude>54.36667</longitude>
    <city>ABU DHABI</city>
    <country>UNITED ARAB EMIRATES</country>
    <listStatus>Normal</listStatus>
    <destinationport>80</destinationport>
    <ImagePath>Images/WIValid.png</ImagePath>
  </WorldMap>
  <WorldMap>
    <UserName>Check</UserName>
    <ipAddess>2.50.134.170</ipAddess>
    <ipAddessTarget>10.25.1.214</ipAddessTarget>
    <creationTime>2015-06-17 05:00:00.0000000</creationTime>
    <attackCount>1143</attackCount>
    <latitude>24.46667</latitude>
    <longitude>54.36667</longitude>
    <city>ABU DHABI</city>
    <country>UNITED ARAB EMIRATES</country>
    <listStatus>Normal</listStatus>
    <destinationport>80</destinationport>
    <ImagePath>Images/WIValid.png</ImagePath>
  </WorldMap>
  <WorldMap>
    <UserName>Check</UserName>
    <ipAddess>2.50.135.42</ipAddess>
    <ipAddessTarget>10.25.1.215</ipAddessTarget>
    <creationTime>2015-06-17 05:00:00.0000000</creationTime>
    <attackCount>1050</attackCount>
    <latitude>24.11028</latitude>
    <longitude>52.73056</longitude>
    <city>AR RUWAYS</city>
    <country>UNITED ARAB EMIRATES</country>
    <listStatus>Normal</listStatus>
    <destinationport>80</destinationport>
    <ImagePath>Images/WIValid.png</ImagePath>
  </WorldMap>
  <WorldMap>
    <UserName>Check</UserName>
    <ipAddess>2.50.134.94</ipAddess>
    <ipAddessTarget>10.25.1.215</ipAddessTarget>
    <creationTime>2015-06-17 05:00:00.0000000</creationTime>
    <attackCount>1032</attackCount>
    <latitude>24.46667</latitude>
    <longitude>54.36667</longitude>
    <city>ABU DHABI</city>
    <country>UNITED ARAB EMIRATES</country>
    <listStatus>Normal</listStatus>
    <destinationport>80</destinationport>
    <ImagePath>Images/WIValid.png</ImagePath>
  </WorldMap>
  <WorldMap>
    <UserName>Check</UserName>
    <ipAddess>2.50.130.235</ipAddess>
    <ipAddessTarget>10.25.1.214</ipAddessTarget>
    <creationTime>2015-06-17 05:00:00.0000000</creationTime>
    <attackCount>1022</attackCount>
    <latitude>24.19167</latitude>
    <longitude>55.76056</longitude>
    <city>AL 'AYN</city>
    <country>UNITED ARAB EMIRATES</country>
    <listStatus>Normal</listStatus>
    <destinationport>80</destinationport>
    <ImagePath>Images/WIValid.png</ImagePath>
  </WorldMap>
  <WorldMap>
    <UserName>Check</UserName>
    <ipAddess>2.50.135.204</ipAddess>
    <ipAddessTarget>10.25.1.214</ipAddessTarget>
    <creationTime>2015-06-17 05:00:00.0000000</creationTime>
    <attackCount>1019</attackCount>
    <latitude>24.11028</latitude>
    <longitude>52.73056</longitude>
    <city>AR RUWAYS</city>
    <country>UNITED ARAB EMIRATES</country>
    <listStatus>Normal</listStatus>
    <destinationport>80</destinationport>
    <ImagePath>Images/WIValid.png</ImagePath>
  </WorldMap>
  <WorldMap>
    <UserName>Check</UserName>
    <ipAddess>2.50.135.136</ipAddess>
    <ipAddessTarget>10.25.1.215</ipAddessTarget>
    <creationTime>2015-06-17 05:00:00.0000000</creationTime>
    <attackCount>994</attackCount>
    <latitude>24.11028</latitude>
    <longitude>52.73056</longitude>
    <city>AR RUWAYS</city>
    <country>UNITED ARAB EMIRATES</country>
    <listStatus>Normal</listStatus>
    <destinationport>80</destinationport>
    <ImagePath>Images/WIValid.png</ImagePath>
  </WorldMap>
  <WorldMap>
    <UserName>Check</UserName>
    <ipAddess>2.50.134.106</ipAddess>
    <ipAddessTarget>10.25.1.215</ipAddessTarget>
    <creationTime>2015-06-17 05:00:00.0000000</creationTime>
    <attackCount>990</attackCount>
    <latitude>24.46667</latitude>
    <longitude>54.36667</longitude>
    <city>ABU DHABI</city>
    <country>UNITED ARAB EMIRATES</country>
    <listStatus>Normal</listStatus>
    <destinationport>80</destinationport>
    <ImagePath>Images/WIValid.png</ImagePath>
  </WorldMap>
  <WorldMap>
    <UserName>Check</UserName>
    <ipAddess>2.50.150.8</ipAddess>
    <ipAddessTarget>10.25.1.215</ipAddessTarget>
    <creationTime>2015-06-17 05:00:00.0000000</creationTime>
    <attackCount>944</attackCount>
    <latitude>24.46667</latitude>
    <longitude>54.36667</longitude>
    <city>ABU DHABI</city>
    <country>UNITED ARAB EMIRATES</country>
    <listStatus>Normal</listStatus>
    <destinationport>80</destinationport>
    <ImagePath>Images/WIValid.png</ImagePath>
  </WorldMap>
  <WorldMap>
    <UserName>Check</UserName>
    <ipAddess>2.50.142.126</ipAddess>
    <ipAddessTarget>10.25.1.214</ipAddessTarget>
    <creationTime>2015-06-17 05:00:00.0000000</creationTime>
    <attackCount>942</attackCount>
    <latitude>24.46667</latitude>
    <longitude>54.36667</longitude>
    <city>ABU DHABI</city>
    <country>UNITED ARAB EMIRATES</country>
    <listStatus>Normal</listStatus>
    <destinationport>80</destinationport>
    <ImagePath>Images/WIValid.png</ImagePath>
  </WorldMap>
  <WorldMap>
    <UserName>Check</UserName>
    <ipAddess>2.50.134.98</ipAddess>
    <ipAddessTarget>10.25.1.214</ipAddessTarget>
    <creationTime>2015-06-17 05:00:00.0000000</creationTime>
    <attackCount>934</attackCount>
    <latitude>24.46667</latitude>
    <longitude>54.36667</longitude>
    <city>ABU DHABI</city>
    <country>UNITED ARAB EMIRATES</country>
    <listStatus>Normal</listStatus>
    <destinationport>80</destinationport>
    <ImagePath>Images/WIValid.png</ImagePath>
  </WorldMap>
  <WorldMap>
    <UserName>Check</UserName>
    <ipAddess>2.50.167.79</ipAddess>
    <ipAddessTarget>10.25.1.215</ipAddessTarget>
    <creationTime>2015-06-17 05:00:00.0000000</creationTime>
    <attackCount>895</attackCount>
    <latitude>24.46667</latitude>
    <longitude>54.36667</longitude>
    <city>ABU DHABI</city>
    <country>UNITED ARAB EMIRATES</country>
    <listStatus>Normal</listStatus>
    <destinationport>80</destinationport>
    <ImagePath>Images/WIValid.png</ImagePath>
  </WorldMap>
  <WorldMap>
    <UserName>Check</UserName>
    <ipAddess>2.50.134.53</ipAddess>
    <ipAddessTarget>10.25.1.214</ipAddessTarget>
    <creationTime>2015-06-17 05:00:00.0000000</creationTime>
    <attackCount>895</attackCount>
    <latitude>24.46667</latitude>
    <longitude>54.36667</longitude>
    <city>ABU DHABI</city>
    <country>UNITED ARAB EMIRATES</country>
    <listStatus>Normal</listStatus>
    <destinationport>80</destinationport>
    <ImagePath>Images/WIValid.png</ImagePath>
  </WorldMap>
  <WorldMap>
    <UserName>Check</UserName>
    <ipAddess>83.110.91.175</ipAddess>
    <ipAddessTarget>10.25.1.214</ipAddessTarget>
    <creationTime>2015-06-17 05:00:00.0000000</creationTime>
    <attackCount>873</attackCount>
    <latitude>24.46667</latitude>
    <longitude>54.36667</longitude>
    <city>ABU DHABI</city>
    <country>UNITED ARAB EMIRATES</country>
    <listStatus>Normal</listStatus>
    <destinationport>80</destinationport>
    <ImagePath>Images/WIValid.png</ImagePath>
  </WorldMap>
  <WorldMap>
    <UserName>Check</UserName>
    <ipAddess>2.50.148.217</ipAddess>
    <ipAddessTarget>10.25.1.215</ipAddessTarget>
    <creationTime>2015-06-17 05:00:00.0000000</creationTime>
    <attackCount>873</attackCount>
    <latitude>24.46667</latitude>
    <longitude>54.36667</longitude>
    <city>ABU DHABI</city>
    <country>UNITED ARAB EMIRATES</country>
    <listStatus>Normal</listStatus>
    <destinationport>80</destinationport>
    <ImagePath>Images/WIValid.png</ImagePath>
  </WorldMap>
  <WorldMap>
    <UserName>Check</UserName>
    <ipAddess>2.50.134.80</ipAddess>
    <ipAddessTarget>10.25.1.215</ipAddessTarget>
    <creationTime>2015-06-17 05:00:00.0000000</creationTime>
    <attackCount>857</attackCount>
    <latitude>24.46667</latitude>
    <longitude>54.36667</longitude>
    <city>ABU DHABI</city>
    <country>UNITED ARAB EMIRATES</country>
    <listStatus>Normal</listStatus>
    <destinationport>80</destinationport>
    <ImagePath>Images/WIValid.png</ImagePath>
  </WorldMap>
  <WorldMap>
    <UserName>Check</UserName>
    <ipAddess>2.50.135.67</ipAddess>
    <ipAddessTarget>10.25.1.215</ipAddessTarget>
    <creationTime>2015-06-17 05:00:00.0000000</creationTime>
    <attackCount>841</attackCount>
    <latitude>24.11028</latitude>
    <longitude>52.73056</longitude>
    <city>AR RUWAYS</city>
    <country>UNITED ARAB EMIRATES</country>
    <listStatus>Normal</listStatus>
    <destinationport>80</destinationport>
    <ImagePath>Images/WIValid.png</ImagePath>
  </WorldMap>
  <WorldMap>
    <UserName>Check</UserName>
    <ipAddess>2.50.135.105</ipAddess>
    <ipAddessTarget>10.25.1.214</ipAddessTarget>
    <creationTime>2015-06-17 05:00:00.0000000</creationTime>
    <attackCount>793</attackCount>
    <latitude>24.11028</latitude>
    <longitude>52.73056</longitude>
    <city>AR RUWAYS</city>
    <country>UNITED ARAB EMIRATES</country>
    <listStatus>Normal</listStatus>
    <destinationport>80</destinationport>
    <ImagePath>Images/WIValid.png</ImagePath>
  </WorldMap>
  <WorldMap>
    <UserName>Check</UserName>
    <ipAddess>2.50.144.130</ipAddess>
    <ipAddessTarget>10.25.1.215</ipAddessTarget>
    <creationTime>2015-06-17 05:00:00.0000000</creationTime>
    <attackCount>752</attackCount>
    <latitude>25.25817</latitude>
    <longitude>55.30472</longitude>
    <city>DUBAI</city>
    <country>UNITED ARAB EMIRATES</country>
    <listStatus>Normal</listStatus>
    <destinationport>80</destinationport>
    <ImagePath>Images/WIValid.png</ImagePath>
  </WorldMap>
  <WorldMap>
    <UserName>Check</UserName>
    <ipAddess>2.50.134.61</ipAddess>
    <ipAddessTarget>10.25.1.214</ipAddessTarget>
    <creationTime>2015-06-17 05:00:00.0000000</creationTime>
    <attackCount>745</attackCount>
    <latitude>24.46667</latitude>
    <longitude>54.36667</longitude>
    <city>ABU DHABI</city>
    <country>UNITED ARAB EMIRATES</country>
    <listStatus>Normal</listStatus>
    <destinationport>80</destinationport>
    <ImagePath>Images/WIValid.png</ImagePath>
  </WorldMap>
  <WorldMap>
    <UserName>Check</UserName>
    <ipAddess>2.50.135.53</ipAddess>
    <ipAddessTarget>10.25.1.215</ipAddessTarget>
    <creationTime>2015-06-17 05:00:00.0000000</creationTime>
    <attackCount>738</attackCount>
    <latitude>24.11028</latitude>
    <longitude>52.73056</longitude>
    <city>AR RUWAYS</city>
    <country>UNITED ARAB EMIRATES</country>
    <listStatus>Normal</listStatus>
    <destinationport>80</destinationport>
    <ImagePath>Images/WIValid.png</ImagePath>
  </WorldMap>
  <WorldMap>
    <UserName>Check</UserName>
    <ipAddess>2.50.134.216</ipAddess>
    <ipAddessTarget>10.25.1.214</ipAddessTarget>
    <creationTime>2015-06-17 05:00:00.0000000</creationTime>
    <attackCount>723</attackCount>
    <latitude>24.46667</latitude>
    <longitude>54.36667</longitude>
    <city>ABU DHABI</city>
    <country>UNITED ARAB EMIRATES</country>
    <listStatus>Normal</listStatus>
    <destinationport>80</destinationport>
    <ImagePath>Images/WIValid.png</ImagePath>
  </WorldMap>
  <WorldMap>
    <UserName>Check</UserName>
    <ipAddess>2.50.134.113</ipAddess>
    <ipAddessTarget>10.25.1.215</ipAddessTarget>
    <creationTime>2015-06-17 05:00:00.0000000</creationTime>
    <attackCount>716</attackCount>
    <latitude>24.46667</latitude>
    <longitude>54.36667</longitude>
    <city>ABU DHABI</city>
    <country>UNITED ARAB EMIRATES</country>
    <listStatus>Normal</listStatus>
    <destinationport>80</destinationport>
    <ImagePath>Images/WIValid.png</ImagePath>
  </WorldMap>
  <WorldMap>
    <UserName>Check</UserName>
    <ipAddess>83.110.95.36</ipAddess>
    <ipAddessTarget>10.25.1.202</ipAddessTarget>
    <creationTime>2015-06-17 05:00:00.0000000</creationTime>
    <attackCount>693</attackCount>
    <latitude>25.25817</latitude>
    <longitude>55.30472</longitude>
    <city>DUBAI</city>
    <country>UNITED ARAB EMIRATES</country>
    <listStatus>Normal</listStatus>
    <destinationport>443</destinationport>
    <ImagePath>Images/WIValid.png</ImagePath>
  </WorldMap>
  <WorldMap>
    <UserName>Check</UserName>
    <ipAddess>2.50.189.118</ipAddess>
    <ipAddessTarget>10.25.1.215</ipAddessTarget>
    <creationTime>2015-06-17 05:00:00.0000000</creationTime>
    <attackCount>670</attackCount>
    <latitude>25.25817</latitude>
    <longitude>55.30472</longitude>
    <city>DUBAI</city>
    <country>UNITED ARAB EMIRATES</country>
    <listStatus>Normal</listStatus>
    <destinationport>80</destinationport>
    <ImagePath>Images/WIValid.png</ImagePath>
  </WorldMap>
  <WorldMap>
    <UserName>Check</UserName>
    <ipAddess>2.50.134.221</ipAddess>
    <ipAddessTarget>10.25.1.215</ipAddessTarget>
    <creationTime>2015-06-17 05:00:00.0000000</creationTime>
    <attackCount>637</attackCount>
    <latitude>24.46667</latitude>
    <longitude>54.36667</longitude>
    <city>ABU DHABI</city>
    <country>UNITED ARAB EMIRATES</country>
    <listStatus>Normal</listStatus>
    <destinationport>80</destinationport>
    <ImagePath>Images/WIValid.png</ImagePath>
  </WorldMap>
  <WorldMap>
    <UserName>Check</UserName>
    <ipAddess>86.98.68.69</ipAddess>
    <ipAddessTarget>10.25.1.214</ipAddessTarget>
    <creationTime>2015-06-17 05:00:00.0000000</creationTime>
    <attackCount>624</attackCount>
    <latitude>25.25817</latitude>
    <longitude>55.30472</longitude>
    <city>DUBAI</city>
    <country>UNITED ARAB EMIRATES</country>
    <listStatus>Normal</listStatus>
    <destinationport>80</destinationport>
    <ImagePath>Images/WIValid.png</ImagePath>
  </WorldMap>
  <WorldMap>
    <UserName>Check</UserName>
    <ipAddess>2.50.134.170</ipAddess>
    <ipAddessTarget>10.25.1.215</ipAddessTarget>
    <creationTime>2015-06-17 04:00:00.0000000</creationTime>
    <attackCount>1680</attackCount>
    <latitude>24.46667</latitude>
    <longitude>54.36667</longitude>
    <city>ABU DHABI</city>
    <country>UNITED ARAB EMIRATES</country>
    <listStatus>Normal</listStatus>
    <destinationport>80</destinationport>
    <ImagePath>Images/WIValid.png</ImagePath>
  </WorldMap>
  <WorldMap>
    <UserName>Check</UserName>
    <ipAddess>2.50.134.38</ipAddess>
    <ipAddessTarget>10.25.1.215</ipAddessTarget>
    <creationTime>2015-06-17 04:00:00.0000000</creationTime>
    <attackCount>1577</attackCount>
    <latitude>24.46667</latitude>
    <longitude>54.36667</longitude>
    <city>ABU DHABI</city>
    <country>UNITED ARAB EMIRATES</country>
    <listStatus>Normal</listStatus>
    <destinationport>80</destinationport>
    <ImagePath>Images/WIValid.png</ImagePath>
  </WorldMap>
  <WorldMap>
    <UserName>Check</UserName>
    <ipAddess>2.50.135.105</ipAddess>
    <ipAddessTarget>10.25.1.214</ipAddessTarget>
    <creationTime>2015-06-17 04:00:00.0000000</creationTime>
    <attackCount>1556</attackCount>
    <latitude>24.11028</latitude>
    <longitude>52.73056</longitude>
    <city>AR RUWAYS</city>
    <country>UNITED ARAB EMIRATES</country>
    <listStatus>Normal</listStatus>
    <destinationport>80</destinationport>
    <ImagePath>Images/WIValid.png</ImagePath>
  </WorldMap>
  <WorldMap>
    <UserName>Check</UserName>
    <ipAddess>2.50.135.31</ipAddess>
    <ipAddessTarget>10.25.1.215</ipAddessTarget>
    <creationTime>2015-06-17 04:00:00.0000000</creationTime>
    <attackCount>1503</attackCount>
    <latitude>24.11028</latitude>
    <longitude>52.73056</longitude>
    <city>AR RUWAYS</city>
    <country>UNITED ARAB EMIRATES</country>
    <listStatus>Normal</listStatus>
    <destinationport>80</destinationport>
    <ImagePath>Images/WIValid.png</ImagePath>
  </WorldMap>
  <WorldMap>
    <UserName>Check</UserName>
    <ipAddess>2.50.134.80</ipAddess>
    <ipAddessTarget>10.25.1.215</ipAddessTarget>
    <creationTime>2015-06-17 04:00:00.0000000</creationTime>
    <attackCount>1417</attackCount>
    <latitude>24.46667</latitude>
    <longitude>54.36667</longitude>
    <city>ABU DHABI</city>
    <country>UNITED ARAB EMIRATES</country>
    <listStatus>Normal</listStatus>
    <destinationport>80</destinationport>
    <ImagePath>Images/WIValid.png</ImagePath>
  </WorldMap>
  <WorldMap>
    <UserName>Check</UserName>
    <ipAddess>2.50.135.42</ipAddess>
    <ipAddessTarget>10.25.1.215</ipAddessTarget>
    <creationTime>2015-06-17 04:00:00.0000000</creationTime>
    <attackCount>1415</attackCount>
    <latitude>24.11028</latitude>
    <longitude>52.73056</longitude>
    <city>AR RUWAYS</city>
    <country>UNITED ARAB EMIRATES</country>
    <listStatus>Normal</listStatus>
    <destinationport>80</destinationport>
    <ImagePath>Images/WIValid.png</ImagePath>
  </WorldMap>
  <WorldMap>
    <UserName>Check</UserName>
    <ipAddess>2.50.135.75</ipAddess>
    <ipAddessTarget>10.25.1.215</ipAddessTarget>
    <creationTime>2015-06-17 04:00:00.0000000</creationTime>
    <attackCount>1318</attackCount>
    <latitude>24.11028</latitude>
    <longitude>52.73056</longitude>
    <city>AR RUWAYS</city>
    <country>UNITED ARAB EMIRATES</country>
    <listStatus>Normal</listStatus>
    <destinationport>80</destinationport>
    <ImagePath>Images/WIValid.png</ImagePath>
  </WorldMap>
  <WorldMap>
    <UserName>Check</UserName>
    <ipAddess>2.50.134.13</ipAddess>
    <ipAddessTarget>10.25.1.215</ipAddessTarget>
    <creationTime>2015-06-17 04:00:00.0000000</creationTime>
    <attackCount>1297</attackCount>
    <latitude>24.46667</latitude>
    <longitude>54.36667</longitude>
    <city>ABU DHABI</city>
    <country>UNITED ARAB EMIRATES</country>
    <listStatus>Normal</listStatus>
    <destinationport>80</destinationport>
    <ImagePath>Images/WIValid.png</ImagePath>
  </WorldMap>
  <WorldMap>
    <UserName>Check</UserName>
    <ipAddess>2.50.135.229</ipAddess>
    <ipAddessTarget>10.25.1.214</ipAddessTarget>
    <creationTime>2015-06-17 04:00:00.0000000</creationTime>
    <attackCount>1293</attackCount>
    <latitude>24.11028</latitude>
    <longitude>52.73056</longitude>
    <city>AR RUWAYS</city>
    <country>UNITED ARAB EMIRATES</country>
    <listStatus>Normal</listStatus>
    <destinationport>80</destinationport>
    <ImagePath>Images/WIValid.png</ImagePath>
  </WorldMap>
  <WorldMap>
    <UserName>Check</UserName>
    <ipAddess>2.50.134.240</ipAddess>
    <ipAddessTarget>10.25.1.214</ipAddessTarget>
    <creationTime>2015-06-17 04:00:00.0000000</creationTime>
    <attackCount>1209</attackCount>
    <latitude>24.46667</latitude>
    <longitude>54.36667</longitude>
    <city>ABU DHABI</city>
    <country>UNITED ARAB EMIRATES</country>
    <listStatus>Normal</listStatus>
    <destinationport>80</destinationport>
    <ImagePath>Images/WIValid.png</ImagePath>
  </WorldMap>
  <WorldMap>
    <UserName>Check</UserName>
    <ipAddess>2.50.134.80</ipAddess>
    <ipAddessTarget>10.25.1.214</ipAddessTarget>
    <creationTime>2015-06-17 04:00:00.0000000</creationTime>
    <attackCount>1196</attackCount>
    <latitude>24.46667</latitude>
    <longitude>54.36667</longitude>
    <city>ABU DHABI</city>
    <country>UNITED ARAB EMIRATES</country>
    <listStatus>Normal</listStatus>
    <destinationport>80</destinationport>
    <ImagePath>Images/WIValid.png</ImagePath>
  </WorldMap>
  <WorldMap>
    <UserName>Check</UserName>
    <ipAddess>2.50.134.128</ipAddess>
    <ipAddessTarget>10.25.1.214</ipAddessTarget>
    <creationTime>2015-06-17 04:00:00.0000000</creationTime>
    <attackCount>1172</attackCount>
    <latitude>24.46667</latitude>
    <longitude>54.36667</longitude>
    <city>ABU DHABI</city>
    <country>UNITED ARAB EMIRATES</country>
    <listStatus>Normal</listStatus>
    <destinationport>80</destinationport>
    <ImagePath>Images/WIValid.png</ImagePath>
  </WorldMap>
  <WorldMap>
    <UserName>Check</UserName>
    <ipAddess>2.50.134.106</ipAddess>
    <ipAddessTarget>10.25.1.215</ipAddessTarget>
    <creationTime>2015-06-17 04:00:00.0000000</creationTime>
    <attackCount>1167</attackCount>
    <latitude>24.46667</latitude>
    <longitude>54.36667</longitude>
    <city>ABU DHABI</city>
    <country>UNITED ARAB EMIRATES</country>
    <listStatus>Normal</listStatus>
    <destinationport>80</destinationport>
    <ImagePath>Images/WIValid.png</ImagePath>
  </WorldMap>
  <WorldMap>
    <UserName>Check</UserName>
    <ipAddess>2.50.135.204</ipAddess>
    <ipAddessTarget>10.25.1.214</ipAddessTarget>
    <creationTime>2015-06-17 04:00:00.0000000</creationTime>
    <attackCount>1167</attackCount>
    <latitude>24.11028</latitude>
    <longitude>52.73056</longitude>
    <city>AR RUWAYS</city>
    <country>UNITED ARAB EMIRATES</country>
    <listStatus>Normal</listStatus>
    <destinationport>80</destinationport>
    <ImagePath>Images/WIValid.png</ImagePath>
  </WorldMap>
  <WorldMap>
    <UserName>Check</UserName>
    <ipAddess>2.50.135.136</ipAddess>
    <ipAddessTarget>10.25.1.214</ipAddessTarget>
    <creationTime>2015-06-17 04:00:00.0000000</creationTime>
    <attackCount>940</attackCount>
    <latitude>24.11028</latitude>
    <longitude>52.73056</longitude>
    <city>AR RUWAYS</city>
    <country>UNITED ARAB EMIRATES</country>
    <listStatus>Normal</listStatus>
    <destinationport>80</destinationport>
    <ImagePath>Images/WIValid.png</ImagePath>
  </WorldMap>
  <WorldMap>
    <UserName>Check</UserName>
    <ipAddess>2.50.135.152</ipAddess>
    <ipAddessTarget>10.25.1.215</ipAddessTarget>
    <creationTime>2015-06-17 04:00:00.0000000</creationTime>
    <attackCount>910</attackCount>
    <latitude>24.11028</latitude>
    <longitude>52.73056</longitude>
    <city>AR RUWAYS</city>
    <country>UNITED ARAB EMIRATES</country>
    <listStatus>Normal</listStatus>
    <destinationport>80</destinationport>
    <ImagePath>Images/WIValid.png</ImagePath>
  </WorldMap>
  <WorldMap>
    <UserName>Check</UserName>
    <ipAddess>2.50.135.136</ipAddess>
    <ipAddessTarget>10.25.1.215</ipAddessTarget>
    <creationTime>2015-06-17 04:00:00.0000000</creationTime>
    <attackCount>895</attackCount>
    <latitude>24.11028</latitude>
    <longitude>52.73056</longitude>
    <city>AR RUWAYS</city>
    <country>UNITED ARAB EMIRATES</country>
    <listStatus>Normal</listStatus>
    <destinationport>80</destinationport>
    <ImagePath>Images/WIValid.png</ImagePath>
  </WorldMap>
  <WorldMap>
    <UserName>Check</UserName>
    <ipAddess>2.50.134.159</ipAddess>
    <ipAddessTarget>10.25.1.214</ipAddessTarget>
    <creationTime>2015-06-17 04:00:00.0000000</creationTime>
    <attackCount>881</attackCount>
    <latitude>24.46667</latitude>
    <longitude>54.36667</longitude>
    <city>ABU DHABI</city>
    <country>UNITED ARAB EMIRATES</country>
    <listStatus>Normal</listStatus>
    <destinationport>80</destinationport>
    <ImagePath>Images/WIValid.png</ImagePath>
  </WorldMap>
  <WorldMap>
    <UserName>Check</UserName>
    <ipAddess>86.98.68.69</ipAddess>
    <ipAddessTarget>10.25.1.214</ipAddessTarget>
    <creationTime>2015-06-17 04:00:00.0000000</creationTime>
    <attackCount>835</attackCount>
    <latitude>25.25817</latitude>
    <longitude>55.30472</longitude>
    <city>DUBAI</city>
    <country>UNITED ARAB EMIRATES</country>
    <listStatus>Normal</listStatus>
    <destinationport>80</destinationport>
    <ImagePath>Images/WIValid.png</ImagePath>
  </WorldMap>
  <WorldMap>
    <UserName>Check</UserName>
    <ipAddess>2.50.151.141</ipAddess>
    <ipAddessTarget>10.25.1.215</ipAddessTarget>
    <creationTime>2015-06-17 04:00:00.0000000</creationTime>
    <attackCount>820</attackCount>
    <latitude>25.25817</latitude>
    <longitude>55.30472</longitude>
    <city>DUBAI</city>
    <country>UNITED ARAB EMIRATES</country>
    <listStatus>Normal</listStatus>
    <destinationport>80</destinationport>
    <ImagePath>Images/WIValid.png</ImagePath>
  </WorldMap>
  <WorldMap>
    <UserName>Check</UserName>
    <ipAddess>2.50.134.98</ipAddess>
    <ipAddessTarget>10.25.1.214</ipAddessTarget>
    <creationTime>2015-06-17 04:00:00.0000000</creationTime>
    <attackCount>788</attackCount>
    <latitude>24.46667</latitude>
    <longitude>54.36667</longitude>
    <city>ABU DHABI</city>
    <country>UNITED ARAB EMIRATES</country>
    <listStatus>Normal</listStatus>
    <destinationport>80</destinationport>
    <ImagePath>Images/WIValid.png</ImagePath>
  </WorldMap>
  <WorldMap>
    <UserName>Check</UserName>
    <ipAddess>2.50.134.170</ipAddess>
    <ipAddessTarget>10.25.1.214</ipAddessTarget>
    <creationTime>2015-06-17 04:00:00.0000000</creationTime>
    <attackCount>739</attackCount>
    <latitude>24.46667</latitude>
    <longitude>54.36667</longitude>
    <city>ABU DHABI</city>
    <country>UNITED ARAB EMIRATES</country>
    <listStatus>Normal</listStatus>
    <destinationport>80</destinationport>
    <ImagePath>Images/WIValid.png</ImagePath>
  </WorldMap>
  <WorldMap>
    <UserName>Check</UserName>
    <ipAddess>94.206.64.18</ipAddess>
    <ipAddessTarget>10.25.1.202</ipAddessTarget>
    <creationTime>2015-06-17 04:00:00.0000000</creationTime>
    <attackCount>726</attackCount>
    <latitude>25.25817</latitude>
    <longitude>55.30472</longitude>
    <city>DUBAI</city>
    <country>UNITED ARAB EMIRATES</country>
    <listStatus>Normal</listStatus>
    <destinationport>443</destinationport>
    <ImagePath>Images/WIValid.png</ImagePath>
  </WorldMap>
  <WorldMap>
    <UserName>Check</UserName>
    <ipAddess>2.50.134.142</ipAddess>
    <ipAddessTarget>10.25.1.215</ipAddessTarget>
    <creationTime>2015-06-17 04:00:00.0000000</creationTime>
    <attackCount>723</attackCount>
    <latitude>24.46667</latitude>
    <longitude>54.36667</longitude>
    <city>ABU DHABI</city>
    <country>UNITED ARAB EMIRATES</country>
    <listStatus>Normal</listStatus>
    <destinationport>80</destinationport>
    <ImagePath>Images/WIValid.png</ImagePath>
  </WorldMap>
  <WorldMap>
    <UserName>Check</UserName>
    <ipAddess>83.110.81.57</ipAddess>
    <ipAddessTarget>10.25.1.214</ipAddessTarget>
    <creationTime>2015-06-17 04:00:00.0000000</creationTime>
    <attackCount>685</attackCount>
    <latitude>24.46667</latitude>
    <longitude>54.36667</longitude>
    <city>ABU DHABI</city>
    <country>UNITED ARAB EMIRATES</country>
    <listStatus>Normal</listStatus>
    <destinationport>80</destinationport>
    <ImagePath>Images/WIValid.png</ImagePath>
  </WorldMap>
  <WorldMap>
    <UserName>Check</UserName>
    <ipAddess>2.50.169.52</ipAddess>
    <ipAddessTarget>10.25.1.215</ipAddessTarget>
    <creationTime>2015-06-17 04:00:00.0000000</creationTime>
    <attackCount>673</attackCount>
    <latitude>24.46667</latitude>
    <longitude>54.36667</longitude>
    <city>ABU DHABI</city>
    <country>UNITED ARAB EMIRATES</country>
    <listStatus>Normal</listStatus>
    <destinationport>80</destinationport>
    <ImagePath>Images/WIValid.png</ImagePath>
  </WorldMap>
  <WorldMap>
    <UserName>Check</UserName>
    <ipAddess>2.50.151.31</ipAddess>
    <ipAddessTarget>10.25.1.215</ipAddessTarget>
    <creationTime>2015-06-17 04:00:00.0000000</creationTime>
    <attackCount>635</attackCount>
    <latitude>25.25817</latitude>
    <longitude>55.30472</longitude>
    <city>DUBAI</city>
    <country>UNITED ARAB EMIRATES</country>
    <listStatus>Normal</listStatus>
    <destinationport>80</destinationport>
    <ImagePath>Images/WIValid.png</ImagePath>
  </WorldMap>
  <WorldMap>
    <UserName>Check</UserName>
    <ipAddess>2.50.134.221</ipAddess>
    <ipAddessTarget>10.25.1.214</ipAddessTarget>
    <creationTime>2015-06-17 04:00:00.0000000</creationTime>
    <attackCount>634</attackCount>
    <latitude>24.46667</latitude>
    <longitude>54.36667</longitude>
    <city>ABU DHABI</city>
    <country>UNITED ARAB EMIRATES</country>
    <listStatus>Normal</listStatus>
    <destinationport>80</destinationport>
    <ImagePath>Images/WIValid.png</ImagePath>
  </WorldMap>
  <WorldMap>
    <UserName>Check</UserName>
    <ipAddess>2.50.134.89</ipAddess>
    <ipAddessTarget>10.25.1.214</ipAddessTarget>
    <creationTime>2015-06-17 04:00:00.0000000</creationTime>
    <attackCount>610</attackCount>
    <latitude>24.46667</latitude>
    <longitude>54.36667</longitude>
    <city>ABU DHABI</city>
    <country>UNITED ARAB EMIRATES</country>
    <listStatus>Normal</listStatus>
    <destinationport>80</destinationport>
    <ImagePath>Images/WIValid.png</ImagePath>
  </WorldMap>
  <WorldMap>
    <UserName>Check</UserName>
    <ipAddess>2.50.189.118</ipAddess>
    <ipAddessTarget>10.25.1.214</ipAddessTarget>
    <creationTime>2015-06-17 04:00:00.0000000</creationTime>
    <attackCount>581</attackCount>
    <latitude>25.25817</latitude>
    <longitude>55.30472</longitude>
    <city>DUBAI</city>
    <country>UNITED ARAB EMIRATES</country>
    <listStatus>Normal</listStatus>
    <destinationport>80</destinationport>
    <ImagePath>Images/WIValid.png</ImagePath>
  </WorldMap>
  <WorldMap>
    <UserName>Check</UserName>
    <ipAddess>83.110.216.155</ipAddess>
    <ipAddessTarget>10.25.1.214</ipAddessTarget>
    <creationTime>2015-06-17 04:00:00.0000000</creationTime>
    <attackCount>558</attackCount>
    <latitude>25.25817</latitude>
    <longitude>55.30472</longitude>
    <city>DUBAI</city>
    <country>UNITED ARAB EMIRATES</country>
    <listStatus>Normal</listStatus>
    <destinationport>80</destinationport>
    <ImagePath>Images/WIValid.png</ImagePath>
  </WorldMap>
  <WorldMap>
    <UserName>Check</UserName>
    <ipAddess>2.50.134.159</ipAddess>
    <ipAddessTarget>10.25.1.215</ipAddessTarget>
    <creationTime>2015-06-17 04:00:00.0000000</creationTime>
    <attackCount>546</attackCount>
    <latitude>24.46667</latitude>
    <longitude>54.36667</longitude>
    <city>ABU DHABI</city>
    <country>UNITED ARAB EMIRATES</country>
    <listStatus>Normal</listStatus>
    <destinationport>80</destinationport>
    <ImagePath>Images/WIValid.png</ImagePath>
  </WorldMap>
  <WorldMap>
    <UserName>Check</UserName>
    <ipAddess>2.50.135.53</ipAddess>
    <ipAddessTarget>10.25.1.215</ipAddessTarget>
    <creationTime>2015-06-17 04:00:00.0000000</creationTime>
    <attackCount>537</attackCount>
    <latitude>24.11028</latitude>
    <longitude>52.73056</longitude>
    <city>AR RUWAYS</city>
    <country>UNITED ARAB EMIRATES</country>
    <listStatus>Normal</listStatus>
    <destinationport>80</destinationport>
    <ImagePath>Images/WIValid.png</ImagePath>
  </WorldMap>
  <WorldMap>
    <UserName>Check</UserName>
    <ipAddess>2.50.190.42</ipAddess>
    <ipAddessTarget>10.25.1.215</ipAddessTarget>
    <creationTime>2015-06-17 04:00:00.0000000</creationTime>
    <attackCount>525</attackCount>
    <latitude>25.25817</latitude>
    <longitude>55.30472</longitude>
    <city>DUBAI</city>
    <country>UNITED ARAB EMIRATES</country>
    <listStatus>Normal</listStatus>
    <destinationport>80</destinationport>
    <ImagePath>Images/WIValid.png</ImagePath>
  </WorldMap>
  <WorldMap>
    <UserName>Check</UserName>
    <ipAddess>2.50.135.85</ipAddess>
    <ipAddessTarget>10.25.1.214</ipAddessTarget>
    <creationTime>2015-06-17 04:00:00.0000000</creationTime>
    <attackCount>523</attackCount>
    <latitude>24.11028</latitude>
    <longitude>52.73056</longitude>
    <city>AR RUWAYS</city>
    <country>UNITED ARAB EMIRATES</country>
    <listStatus>Normal</listStatus>
    <destinationport>80</destinationport>
    <ImagePath>Images/WIValid.png</ImagePath>
  </WorldMap>
  <WorldMap>
    <UserName>Check</UserName>
    <ipAddess>2.50.135.141</ipAddess>
    <ipAddessTarget>10.25.1.215</ipAddessTarget>
    <creationTime>2015-06-17 04:00:00.0000000</creationTime>
    <attackCount>521</attackCount>
    <latitude>24.11028</latitude>
    <longitude>52.73056</longitude>
    <city>AR RUWAYS</city>
    <country>UNITED ARAB EMIRATES</country>
    <listStatus>Normal</listStatus>
    <destinationport>80</destinationport>
    <ImagePath>Images/WIValid.png</ImagePath>
  </WorldMap>
  <WorldMap>
    <UserName>Check</UserName>
    <ipAddess>2.50.134.106</ipAddess>
    <ipAddessTarget>10.25.1.214</ipAddessTarget>
    <creationTime>2015-06-17 04:00:00.0000000</creationTime>
    <attackCount>516</attackCount>
    <latitude>24.46667</latitude>
    <longitude>54.36667</longitude>
    <city>ABU DHABI</city>
    <country>UNITED ARAB EMIRATES</country>
    <listStatus>Normal</listStatus>
    <destinationport>80</destinationport>
    <ImagePath>Images/WIValid.png</ImagePath>
  </WorldMap>
  <WorldMap>
    <UserName>Check</UserName>
    <ipAddess>2.50.134.128</ipAddess>
    <ipAddessTarget>10.25.1.215</ipAddessTarget>
    <creationTime>2015-06-17 04:00:00.0000000</creationTime>
    <attackCount>510</attackCount>
    <latitude>24.46667</latitude>
    <longitude>54.36667</longitude>
    <city>ABU DHABI</city>
    <country>UNITED ARAB EMIRATES</country>
    <listStatus>Normal</listStatus>
    <destinationport>80</destinationport>
    <ImagePath>Images/WIValid.png</ImagePath>
  </WorldMap>
  <WorldMap>
    <UserName>Check</UserName>
    <ipAddess>2.50.137.28</ipAddess>
    <ipAddessTarget>10.25.1.214</ipAddessTarget>
    <creationTime>2015-06-17 04:00:00.0000000</creationTime>
    <attackCount>507</attackCount>
    <latitude>24.46667</latitude>
    <longitude>54.36667</longitude>
    <city>ABU DHABI</city>
    <country>UNITED ARAB EMIRATES</country>
    <listStatus>Normal</listStatus>
    <destinationport>80</destinationport>
    <ImagePath>Images/WIValid.png</ImagePath>
  </WorldMap>
  <WorldMap>
    <UserName>Check</UserName>
    <ipAddess>2.50.171.19</ipAddess>
    <ipAddessTarget>10.25.1.215</ipAddessTarget>
    <creationTime>2015-06-17 04:00:00.0000000</creationTime>
    <attackCount>498</attackCount>
    <latitude>25.25817</latitude>
    <longitude>55.30472</longitude>
    <city>DUBAI</city>
    <country>UNITED ARAB EMIRATES</country>
    <listStatus>Normal</listStatus>
    <destinationport>80</destinationport>
    <ImagePath>Images/WIValid.png</ImagePath>
  </WorldMap>
  <WorldMap>
    <UserName>Check</UserName>
    <ipAddess>2.50.135.75</ipAddess>
    <ipAddessTarget>10.25.1.214</ipAddessTarget>
    <creationTime>2015-06-17 04:00:00.0000000</creationTime>
    <attackCount>492</attackCount>
    <latitude>24.11028</latitude>
    <longitude>52.73056</longitude>
    <city>AR RUWAYS</city>
    <country>UNITED ARAB EMIRATES</country>
    <listStatus>Normal</listStatus>
    <destinationport>80</destinationport>
    <ImagePath>Images/WIValid.png</ImagePath>
  </WorldMap>
  <WorldMap>
    <UserName>Check</UserName>
    <ipAddess>2.50.191.156</ipAddess>
    <ipAddessTarget>10.25.1.215</ipAddessTarget>
    <creationTime>2015-06-17 04:00:00.0000000</creationTime>
    <attackCount>487</attackCount>
    <latitude>24.46667</latitude>
    <longitude>54.36667</longitude>
    <city>ABU DHABI</city>
    <country>UNITED ARAB EMIRATES</country>
    <listStatus>Normal</listStatus>
    <destinationport>80</destinationport>
    <ImagePath>Images/WIValid.png</ImagePath>
  </WorldMap>
  <WorldMap>
    <UserName>Check</UserName>
    <ipAddess>2.50.134.53</ipAddess>
    <ipAddessTarget>10.25.1.214</ipAddessTarget>
    <creationTime>2015-06-17 04:00:00.0000000</creationTime>
    <attackCount>482</attackCount>
    <latitude>24.46667</latitude>
    <longitude>54.36667</longitude>
    <city>ABU DHABI</city>
    <country>UNITED ARAB EMIRATES</country>
    <listStatus>Normal</listStatus>
    <destinationport>80</destinationport>
    <ImagePath>Images/WIValid.png</ImagePath>
  </WorldMap>
  <WorldMap>
    <UserName>Check</UserName>
    <ipAddess>2.50.135.31</ipAddess>
    <ipAddessTarget>10.25.1.214</ipAddessTarget>
    <creationTime>2015-06-17 04:00:00.0000000</creationTime>
    <attackCount>466</attackCount>
    <latitude>24.11028</latitude>
    <longitude>52.73056</longitude>
    <city>AR RUWAYS</city>
    <country>UNITED ARAB EMIRATES</country>
    <listStatus>Normal</listStatus>
    <destinationport>80</destinationport>
    <ImagePath>Images/WIValid.png</ImagePath>
  </WorldMap>
  <WorldMap>
    <UserName>Check</UserName>
    <ipAddess>2.50.135.111</ipAddess>
    <ipAddessTarget>10.25.1.214</ipAddessTarget>
    <creationTime>2015-06-17 04:00:00.0000000</creationTime>
    <attackCount>465</attackCount>
    <latitude>24.11028</latitude>
    <longitude>52.73056</longitude>
    <city>AR RUWAYS</city>
    <country>UNITED ARAB EMIRATES</country>
    <listStatus>Normal</listStatus>
    <destinationport>80</destinationport>
    <ImagePath>Images/WIValid.png</ImagePath>
  </WorldMap>
  <WorldMap>
    <UserName>Check</UserName>
    <ipAddess>2.50.135.212</ipAddess>
    <ipAddessTarget>10.25.1.215</ipAddessTarget>
    <creationTime>2015-06-17 04:00:00.0000000</creationTime>
    <attackCount>462</attackCount>
    <latitude>24.11028</latitude>
    <longitude>52.73056</longitude>
    <city>AR RUWAYS</city>
    <country>UNITED ARAB EMIRATES</country>
    <listStatus>Normal</listStatus>
    <destinationport>80</destinationport>
    <ImagePath>Images/WIValid.png</ImagePath>
  </WorldMap>
  <WorldMap>
    <UserName>Check</UserName>
    <ipAddess>2.50.134.94</ipAddess>
    <ipAddessTarget>10.25.1.215</ipAddessTarget>
    <creationTime>2015-06-17 04:00:00.0000000</creationTime>
    <attackCount>460</attackCount>
    <latitude>24.46667</latitude>
    <longitude>54.36667</longitude>
    <city>ABU DHABI</city>
    <country>UNITED ARAB EMIRATES</country>
    <listStatus>Normal</listStatus>
    <destinationport>80</destinationport>
    <ImagePath>Images/WIValid.png</ImagePath>
  </WorldMap>
  <WorldMap>
    <UserName>Check</UserName>
    <ipAddess>86.98.68.238</ipAddess>
    <ipAddessTarget>10.25.1.215</ipAddessTarget>
    <creationTime>2015-06-17 04:00:00.0000000</creationTime>
    <attackCount>447</attackCount>
    <latitude>25.25817</latitude>
    <longitude>55.30472</longitude>
    <city>DUBAI</city>
    <country>UNITED ARAB EMIRATES</country>
    <listStatus>Normal</listStatus>
    <destinationport>80</destinationport>
    <ImagePath>Images/WIValid.png</ImagePath>
  </WorldMap>
  <WorldMap>
    <UserName>Check</UserName>
    <ipAddess>2.50.179.43</ipAddess>
    <ipAddessTarget>10.25.1.215</ipAddessTarget>
    <creationTime>2015-06-17 04:00:00.0000000</creationTime>
    <attackCount>438</attackCount>
    <latitude>25.25817</latitude>
    <longitude>55.30472</longitude>
    <city>DUBAI</city>
    <country>UNITED ARAB EMIRATES</country>
    <listStatus>Normal</listStatus>
    <destinationport>80</destinationport>
    <ImagePath>Images/WIValid.png</ImagePath>
  </WorldMap>
  <WorldMap>
    <UserName>Check</UserName>
    <ipAddess>2.50.147.195</ipAddess>
    <ipAddessTarget>10.25.1.215</ipAddessTarget>
    <creationTime>2015-06-17 04:00:00.0000000</creationTime>
    <attackCount>430</attackCount>
    <latitude>25.25817</latitude>
    <longitude>55.30472</longitude>
    <city>DUBAI</city>
    <country>UNITED ARAB EMIRATES</country>
    <listStatus>Normal</listStatus>
    <destinationport>80</destinationport>
    <ImagePath>Images/WIValid.png</ImagePath>
  </WorldMap>
  <WorldMap>
    <UserName>Check</UserName>
    <ipAddess>86.98.67.170</ipAddess>
    <ipAddessTarget>10.25.1.215</ipAddessTarget>
    <creationTime>2015-06-17 04:00:00.0000000</creationTime>
    <attackCount>427</attackCount>
    <latitude>25.25817</latitude>
    <longitude>55.30472</longitude>
    <city>DUBAI</city>
    <country>UNITED ARAB EMIRATES</country>
    <listStatus>Normal</listStatus>
    <destinationport>80</destinationport>
    <ImagePath>Images/WIValid.png</ImagePath>
  </WorldMap>
  <WorldMap>
    <UserName>Check</UserName>
    <ipAddess>83.110.17.112</ipAddess>
    <ipAddessTarget>10.25.1.215</ipAddessTarget>
    <creationTime>2015-06-17 04:00:00.0000000</creationTime>
    <attackCount>424</attackCount>
    <latitude>24.46667</latitude>
    <longitude>54.36667</longitude>
    <city>ABU DHABI</city>
    <country>UNITED ARAB EMIRATES</country>
    <listStatus>Normal</listStatus>
    <destinationport>80</destinationport>
    <ImagePath>Images/WIValid.png</ImagePath>
  </WorldMap>
  <WorldMap>
    <UserName>Check</UserName>
    <ipAddess>2.50.135.212</ipAddess>
    <ipAddessTarget>10.25.1.214</ipAddessTarget>
    <creationTime>2015-06-17 04:00:00.0000000</creationTime>
    <attackCount>424</attackCount>
    <latitude>24.11028</latitude>
    <longitude>52.73056</longitude>
    <city>AR RUWAYS</city>
    <country>UNITED ARAB EMIRATES</country>
    <listStatus>Normal</listStatus>
    <destinationport>80</destinationport>
    <ImagePath>Images/WIValid.png</ImagePath>
  </WorldMap>
  <WorldMap>
    <UserName>Check</UserName>
    <ipAddess>2.50.17.249</ipAddess>
    <ipAddessTarget>10.25.1.214</ipAddessTarget>
    <creationTime>2015-06-17 04:00:00.0000000</creationTime>
    <attackCount>421</attackCount>
    <latitude>25.25817</latitude>
    <longitude>55.30472</longitude>
    <city>DUBAI</city>
    <country>UNITED ARAB EMIRATES</country>
    <listStatus>Normal</listStatus>
    <destinationport>80</destinationport>
    <ImagePath>Images/WIValid.png</ImagePath>
  </WorldMap>
  <WorldMap>
    <UserName>Check</UserName>
    <ipAddess>2.50.134.221</ipAddess>
    <ipAddessTarget>10.25.1.215</ipAddessTarget>
    <creationTime>2015-06-17 04:00:00.0000000</creationTime>
    <attackCount>408</attackCount>
    <latitude>24.46667</latitude>
    <longitude>54.36667</longitude>
    <city>ABU DHABI</city>
    <country>UNITED ARAB EMIRATES</country>
    <listStatus>Normal</listStatus>
    <destinationport>80</destinationport>
    <ImagePath>Images/WIValid.png</ImagePath>
  </WorldMap>
  <WorldMap>
    <UserName>Check</UserName>
    <ipAddess>86.98.67.170</ipAddess>
    <ipAddessTarget>10.25.1.214</ipAddessTarget>
    <creationTime>2015-06-17 04:00:00.0000000</creationTime>
    <attackCount>399</attackCount>
    <latitude>25.25817</latitude>
    <longitude>55.30472</longitude>
    <city>DUBAI</city>
    <country>UNITED ARAB EMIRATES</country>
    <listStatus>Normal</listStatus>
    <destinationport>80</destinationport>
    <ImagePath>Images/WIValid.png</ImagePath>
  </WorldMap>
  <WorldMap>
    <UserName>Check</UserName>
    <ipAddess>2.50.135.68</ipAddess>
    <ipAddessTarget>10.25.1.214</ipAddessTarget>
    <creationTime>2015-06-17 04:00:00.0000000</creationTime>
    <attackCount>392</attackCount>
    <latitude>24.11028</latitude>
    <longitude>52.73056</longitude>
    <city>AR RUWAYS</city>
    <country>UNITED ARAB EMIRATES</country>
    <listStatus>Normal</listStatus>
    <destinationport>80</destinationport>
    <ImagePath>Images/WIValid.png</ImagePath>
  </WorldMap>
  <WorldMap>
    <UserName>Check</UserName>
    <ipAddess>83.110.216.81</ipAddess>
    <ipAddessTarget>10.25.1.215</ipAddessTarget>
    <creationTime>2015-06-17 04:00:00.0000000</creationTime>
    <attackCount>377</attackCount>
    <latitude>25.25817</latitude>
    <longitude>55.30472</longitude>
    <city>DUBAI</city>
    <country>UNITED ARAB EMIRATES</country>
    <listStatus>Normal</listStatus>
    <destinationport>80</destinationport>
    <ImagePath>Images/WIValid.png</ImagePath>
  </WorldMap>
  <WorldMap>
    <UserName>Check</UserName>
    <ipAddess>2.50.167.66</ipAddess>
    <ipAddessTarget>10.25.1.215</ipAddessTarget>
    <creationTime>2015-06-17 04:00:00.0000000</creationTime>
    <attackCount>347</attackCount>
    <latitude>24.46667</latitude>
    <longitude>54.36667</longitude>
    <city>ABU DHABI</city>
    <country>UNITED ARAB EMIRATES</country>
    <listStatus>Normal</listStatus>
    <destinationport>80</destinationport>
    <ImagePath>Images/WIValid.png</ImagePath>
  </WorldMap>
  <WorldMap>
    <UserName>Check</UserName>
    <ipAddess>2.50.167.79</ipAddess>
    <ipAddessTarget>10.25.1.215</ipAddessTarget>
    <creationTime>2015-06-17 04:00:00.0000000</creationTime>
    <attackCount>332</attackCount>
    <latitude>24.46667</latitude>
    <longitude>54.36667</longitude>
    <city>ABU DHABI</city>
    <country>UNITED ARAB EMIRATES</country>
    <listStatus>Normal</listStatus>
    <destinationport>80</destinationport>
    <ImagePath>Images/WIValid.png</ImagePath>
  </WorldMap>
  <WorldMap>
    <UserName>Check</UserName>
    <ipAddess>2.50.16.120</ipAddess>
    <ipAddessTarget>10.25.1.214</ipAddessTarget>
    <creationTime>2015-06-17 04:00:00.0000000</creationTime>
    <attackCount>329</attackCount>
    <latitude>25.25817</latitude>
    <longitude>55.30472</longitude>
    <city>DUBAI</city>
    <country>UNITED ARAB EMIRATES</country>
    <listStatus>Normal</listStatus>
    <destinationport>80</destinationport>
    <ImagePath>Images/WIValid.png</ImagePath>
  </WorldMap>
  <WorldMap>
    <UserName>Check</UserName>
    <ipAddess>2.50.149.146</ipAddess>
    <ipAddessTarget>10.25.1.214</ipAddessTarget>
    <creationTime>2015-06-17 04:00:00.0000000</creationTime>
    <attackCount>318</attackCount>
    <latitude>24.46667</latitude>
    <longitude>54.36667</longitude>
    <city>ABU DHABI</city>
    <country>UNITED ARAB EMIRATES</country>
    <listStatus>Normal</listStatus>
    <destinationport>80</destinationport>
    <ImagePath>Images/WIValid.png</ImagePath>
  </WorldMap>
  <WorldMap>
    <UserName>Check</UserName>
    <ipAddess>2.50.135.67</ipAddess>
    <ipAddessTarget>10.25.1.215</ipAddessTarget>
    <creationTime>2015-06-17 04:00:00.0000000</creationTime>
    <attackCount>309</attackCount>
    <latitude>24.11028</latitude>
    <longitude>52.73056</longitude>
    <city>AR RUWAYS</city>
    <country>UNITED ARAB EMIRATES</country>
    <listStatus>Normal</listStatus>
    <destinationport>80</destinationport>
    <ImagePath>Images/WIValid.png</ImagePath>
  </WorldMap>
  <WorldMap>
    <UserName>Check</UserName>
    <ipAddess>83.110.216.52</ipAddess>
    <ipAddessTarget>10.25.1.215</ipAddessTarget>
    <creationTime>2015-06-17 04:00:00.0000000</creationTime>
    <attackCount>299</attackCount>
    <latitude>25.25817</latitude>
    <longitude>55.30472</longitude>
    <city>DUBAI</city>
    <country>UNITED ARAB EMIRATES</country>
    <listStatus>Normal</listStatus>
    <destinationport>80</destinationport>
    <ImagePath>Images/WIValid.png</ImagePath>
  </WorldMap>
  <WorldMap>
    <UserName>Check</UserName>
    <ipAddess>2.50.170.214</ipAddess>
    <ipAddessTarget>10.25.1.202</ipAddessTarget>
    <creationTime>2015-06-17 04:00:00.0000000</creationTime>
    <attackCount>283</attackCount>
    <latitude>25.25817</latitude>
    <longitude>55.30472</longitude>
    <city>DUBAI</city>
    <country>UNITED ARAB EMIRATES</country>
    <listStatus>Normal</listStatus>
    <destinationport>443</destinationport>
    <ImagePath>Images/WIValid.png</ImagePath>
  </WorldMap>
  <WorldMap>
    <UserName>Check</UserName>
    <ipAddess>83.110.216.155</ipAddess>
    <ipAddessTarget>10.25.1.215</ipAddessTarget>
    <creationTime>2015-06-17 04:00:00.0000000</creationTime>
    <attackCount>279</attackCount>
    <latitude>25.25817</latitude>
    <longitude>55.30472</longitude>
    <city>DUBAI</city>
    <country>UNITED ARAB EMIRATES</country>
    <listStatus>Normal</listStatus>
    <destinationport>80</destinationport>
    <ImagePath>Images/WIValid.png</ImagePath>
  </WorldMap>
  <WorldMap>
    <UserName>Check</UserName>
    <ipAddess>83.110.74.30</ipAddess>
    <ipAddessTarget>10.25.1.215</ipAddessTarget>
    <creationTime>2015-06-17 04:00:00.0000000</creationTime>
    <attackCount>277</attackCount>
    <latitude>24.46667</latitude>
    <longitude>54.36667</longitude>
    <city>ABU DHABI</city>
    <country>UNITED ARAB EMIRATES</country>
    <listStatus>Normal</listStatus>
    <destinationport>80</destinationport>
    <ImagePath>Images/WIValid.png</ImagePath>
  </WorldMap>
  <WorldMap>
    <UserName>Check</UserName>
    <ipAddess>2.50.144.158</ipAddess>
    <ipAddessTarget>10.25.1.214</ipAddessTarget>
    <creationTime>2015-06-17 04:00:00.0000000</creationTime>
    <attackCount>272</attackCount>
    <latitude>25.25817</latitude>
    <longitude>55.30472</longitude>
    <city>DUBAI</city>
    <country>UNITED ARAB EMIRATES</country>
    <listStatus>Normal</listStatus>
    <destinationport>80</destinationport>
    <ImagePath>Images/WIValid.png</ImagePath>
  </WorldMap>
  <WorldMap>
    <UserName>Check</UserName>
    <ipAddess>2.50.130.235</ipAddess>
    <ipAddessTarget>10.25.1.214</ipAddessTarget>
    <creationTime>2015-06-17 04:00:00.0000000</creationTime>
    <attackCount>256</attackCount>
    <latitude>24.19167</latitude>
    <longitude>55.76056</longitude>
    <city>AL 'AYN</city>
    <country>UNITED ARAB EMIRATES</country>
    <listStatus>Normal</listStatus>
    <destinationport>80</destinationport>
    <ImagePath>Images/WIValid.png</ImagePath>
  </WorldMap>
  <WorldMap>
    <UserName>Check</UserName>
    <ipAddess>2.50.131.5</ipAddess>
    <ipAddessTarget>10.25.1.215</ipAddessTarget>
    <creationTime>2015-06-17 04:00:00.0000000</creationTime>
    <attackCount>244</attackCount>
    <latitude>24.19167</latitude>
    <longitude>55.76056</longitude>
    <city>AL 'AYN</city>
    <country>UNITED ARAB EMIRATES</country>
    <listStatus>Normal</listStatus>
    <destinationport>80</destinationport>
    <ImagePath>Images/WIValid.png</ImagePath>
  </WorldMap>
  <WorldMap>
    <UserName>Check</UserName>
    <ipAddess>2.50.134.94</ipAddess>
    <ipAddessTarget>10.25.1.214</ipAddessTarget>
    <creationTime>2015-06-17 04:00:00.0000000</creationTime>
    <attackCount>223</attackCount>
    <latitude>24.46667</latitude>
    <longitude>54.36667</longitude>
    <city>ABU DHABI</city>
    <country>UNITED ARAB EMIRATES</country>
    <listStatus>Normal</listStatus>
    <destinationport>80</destinationport>
    <ImagePath>Images/WIValid.png</ImagePath>
  </WorldMap>
  <WorldMap>
    <UserName>Check</UserName>
    <ipAddess>2.50.150.162</ipAddess>
    <ipAddessTarget>10.25.1.215</ipAddessTarget>
    <creationTime>2015-06-17 04:00:00.0000000</creationTime>
    <attackCount>210</attackCount>
    <latitude>24.46667</latitude>
    <longitude>54.36667</longitude>
    <city>ABU DHABI</city>
    <country>UNITED ARAB EMIRATES</country>
    <listStatus>Normal</listStatus>
    <destinationport>80</destinationport>
    <ImagePath>Images/WIValid.png</ImagePath>
  </WorldMap>
  <WorldMap>
    <UserName>Check</UserName>
    <ipAddess>2.50.134.38</ipAddess>
    <ipAddessTarget>10.25.1.214</ipAddessTarget>
    <creationTime>2015-06-17 04:00:00.0000000</creationTime>
    <attackCount>206</attackCount>
    <latitude>24.46667</latitude>
    <longitude>54.36667</longitude>
    <city>ABU DHABI</city>
    <country>UNITED ARAB EMIRATES</country>
    <listStatus>Normal</listStatus>
    <destinationport>80</destinationport>
    <ImagePath>Images/WIValid.png</ImagePath>
  </WorldMap>
  <WorldMap>
    <UserName>Check</UserName>
    <ipAddess>2.50.135.208</ipAddess>
    <ipAddessTarget>10.25.1.214</ipAddessTarget>
    <creationTime>2015-06-17 04:00:00.0000000</creationTime>
    <attackCount>3110</attackCount>
    <latitude>24.11028</latitude>
    <longitude>52.73056</longitude>
    <city>AR RUWAYS</city>
    <country>UNITED ARAB EMIRATES</country>
    <listStatus>Normal</listStatus>
    <destinationport>80</destinationport>
    <ImagePath>Images/WIValid.png</ImagePath>
  </WorldMap>
  <WorldMap>
    <UserName>Check</UserName>
    <ipAddess>2.50.135.47</ipAddess>
    <ipAddessTarget>10.25.1.214</ipAddessTarget>
    <creationTime>2015-06-17 04:00:00.0000000</creationTime>
    <attackCount>2903</attackCount>
    <latitude>24.11028</latitude>
    <longitude>52.73056</longitude>
    <city>AR RUWAYS</city>
    <country>UNITED ARAB EMIRATES</country>
    <listStatus>Normal</listStatus>
    <destinationport>80</destinationport>
    <ImagePath>Images/WIValid.png</ImagePath>
  </WorldMap>
  <WorldMap>
    <UserName>Check</UserName>
    <ipAddess>2.50.134.61</ipAddess>
    <ipAddessTarget>10.25.1.214</ipAddessTarget>
    <creationTime>2015-06-17 04:00:00.0000000</creationTime>
    <attackCount>2414</attackCount>
    <latitude>24.46667</latitude>
    <longitude>54.36667</longitude>
    <city>ABU DHABI</city>
    <country>UNITED ARAB EMIRATES</country>
    <listStatus>Normal</listStatus>
    <destinationport>80</destinationport>
    <ImagePath>Images/WIValid.png</ImagePath>
  </WorldMap>
  <WorldMap>
    <UserName>Check</UserName>
    <ipAddess>83.110.91.175</ipAddess>
    <ipAddessTarget>10.25.1.214</ipAddessTarget>
    <creationTime>2015-06-17 04:00:00.0000000</creationTime>
    <attackCount>2352</attackCount>
    <latitude>24.46667</latitude>
    <longitude>54.36667</longitude>
    <city>ABU DHABI</city>
    <country>UNITED ARAB EMIRATES</country>
    <listStatus>Normal</listStatus>
    <destinationport>80</destinationport>
    <ImagePath>Images/WIValid.png</ImagePath>
  </WorldMap>
  <WorldMap>
    <UserName>Check</UserName>
    <ipAddess>2.50.135.208</ipAddess>
    <ipAddessTarget>10.25.1.215</ipAddessTarget>
    <creationTime>2015-06-17 04:00:00.0000000</creationTime>
    <attackCount>2327</attackCount>
    <latitude>24.11028</latitude>
    <longitude>52.73056</longitude>
    <city>AR RUWAYS</city>
    <country>UNITED ARAB EMIRATES</country>
    <listStatus>Normal</listStatus>
    <destinationport>80</destinationport>
    <ImagePath>Images/WIValid.png</ImagePath>
  </WorldMap>
  <WorldMap>
    <UserName>Check</UserName>
    <ipAddess>72.5.231.11</ipAddess>
    <ipAddessTarget>10.25.1.202</ipAddessTarget>
    <creationTime>2015-06-17 04:00:00.0000000</creationTime>
    <attackCount>2283</attackCount>
    <latitude>33.753601</latitude>
    <longitude>-84.390145</longitude>
    <city>ATLANTA</city>
    <country>UNITED STATES</country>
    <listStatus>Normal</listStatus>
    <destinationport>443</destinationport>
    <ImagePath>Images/WIValid.png</ImagePath>
  </WorldMap>
  <WorldMap>
    <UserName>Check</UserName>
    <ipAddess>2.50.134.113</ipAddess>
    <ipAddessTarget>10.25.1.215</ipAddessTarget>
    <creationTime>2015-06-17 04:00:00.0000000</creationTime>
    <attackCount>2279</attackCount>
    <latitude>24.46667</latitude>
    <longitude>54.36667</longitude>
    <city>ABU DHABI</city>
    <country>UNITED ARAB EMIRATES</country>
    <listStatus>Normal</listStatus>
    <destinationport>80</destinationport>
    <ImagePath>Images/WIValid.png</ImagePath>
  </WorldMap>
  <WorldMap>
    <UserName>Check</UserName>
    <ipAddess>2.50.134.102</ipAddess>
    <ipAddessTarget>10.25.1.215</ipAddessTarget>
    <creationTime>2015-06-17 04:00:00.0000000</creationTime>
    <attackCount>2191</attackCount>
    <latitude>24.46667</latitude>
    <longitude>54.36667</longitude>
    <city>ABU DHABI</city>
    <country>UNITED ARAB EMIRATES</country>
    <listStatus>Normal</listStatus>
    <destinationport>80</destinationport>
    <ImagePath>Images/WIValid.png</ImagePath>
  </WorldMap>
  <WorldMap>
    <UserName>Check</UserName>
    <ipAddess>2.50.148.217</ipAddess>
    <ipAddessTarget>10.25.1.215</ipAddessTarget>
    <creationTime>2015-06-17 04:00:00.0000000</creationTime>
    <attackCount>1963</attackCount>
    <latitude>24.46667</latitude>
    <longitude>54.36667</longitude>
    <city>ABU DHABI</city>
    <country>UNITED ARAB EMIRATES</country>
    <listStatus>Normal</listStatus>
    <destinationport>80</destinationport>
    <ImagePath>Images/WIValid.png</ImagePath>
  </WorldMap>
  <WorldMap>
    <UserName>Check</UserName>
    <ipAddess>2.50.135.115</ipAddess>
    <ipAddessTarget>10.25.1.215</ipAddessTarget>
    <creationTime>2015-06-17 04:00:00.0000000</creationTime>
    <attackCount>1727</attackCount>
    <latitude>24.11028</latitude>
    <longitude>52.73056</longitude>
    <city>AR RUWAYS</city>
    <country>UNITED ARAB EMIRATES</country>
    <listStatus>Normal</listStatus>
    <destinationport>80</destinationport>
    <ImagePath>Images/WIValid.png</ImagePath>
  </WorldMap>
  <WorldMap>
    <UserName>Check</UserName>
    <ipAddess>2.50.134.216</ipAddess>
    <ipAddessTarget>10.25.1.214</ipAddessTarget>
    <creationTime>2015-06-17 04:00:00.0000000</creationTime>
    <attackCount>1701</attackCount>
    <latitude>24.46667</latitude>
    <longitude>54.36667</longitude>
    <city>ABU DHABI</city>
    <country>UNITED ARAB EMIRATES</country>
    <listStatus>Normal</listStatus>
    <destinationport>80</destinationport>
    <ImagePath>Images/WIValid.png</ImagePath>
  </WorldMap>
  <WorldMap>
    <UserName>Check</UserName>
    <ipAddess>2.50.135.83</ipAddess>
    <ipAddessTarget>10.25.1.215</ipAddessTarget>
    <creationTime>2015-06-17 04:00:00.0000000</creationTime>
    <attackCount>1681</attackCount>
    <latitude>24.11028</latitude>
    <longitude>52.73056</longitude>
    <city>AR RUWAYS</city>
    <country>UNITED ARAB EMIRATES</country>
    <listStatus>Normal</listStatus>
    <destinationport>80</destinationport>
    <ImagePath>Images/WIValid.png</ImagePath>
  </WorldMap>
  <WorldMap>
    <UserName>Check</UserName>
    <ipAddess>DOF</ipAddess>
    <ipAddessTarget>DOF</ipAddessTarget>
    <creationTime>6/17/2015 10:12:00 AM</creationTime>
    <attackCount>0</attackCount>
    <latitude>24.492689</latitude>
    <longitude>54.359386</longitude>
    <city>ABU DHABI</city>
    <country>UNITED ARAB EMIRATES</country>
    <destinationport>HQ</destinationport>
  </WorldMap>
</DocumentElement>