<?xml version="1.0" standalone="yes"?>
<DocumentElement>
  <WorldMap>
    <UserName>ehammadi</UserName>
    <ipAddess>2.50.160.246</ipAddess>
    <creationTime>6/17/2015 3:38:28 AM</creationTime>
    <attackCount>10</attackCount>
    <latitude>24.46667</latitude>
    <longitude>54.36667</longitude>
    <city>ABU DHABI</city>
    <country>UNITED ARAB EMIRATES</country>
    <listStatus>Success</listStatus>
    <ImagePath>Images/vpn.png</ImagePath>
  </WorldMap>
  <WorldMap>
    <UserName>dof000975</UserName>
    <ipAddess>41.36.162.158</ipAddess>
    <creationTime>6/17/2015 5:22:48 AM</creationTime>
    <attackCount>1</attackCount>
    <latitude>30.06263</latitude>
    <longitude>31.24967</longitude>
    <city>CAIRO</city>
    <country>EGYPT</country>
    <listStatus>Success</listStatus>
    <ImagePath>Images/vpn.png</ImagePath>
  </WorldMap>
  <WorldMap>
    <UserName>qais</UserName>
    <ipAddess>2.50.181.60</ipAddess>
    <creationTime>6/17/2015 5:55:15 AM</creationTime>
    <attackCount>1</attackCount>
    <latitude>25.25817</latitude>
    <longitude>55.30472</longitude>
    <city>DUBAI</city>
    <country>UNITED ARAB EMIRATES</country>
    <listStatus>Success</listStatus>
    <ImagePath>Images/vpn.png</ImagePath>
  </WorldMap>
  <WorldMap>
    <UserName>mkotob</UserName>
    <ipAddess>94.142.46.44</ipAddess>
    <creationTime>6/17/2015 5:46:32 AM</creationTime>
    <attackCount>1</attackCount>
    <latitude>31.95522</latitude>
    <longitude>35.94503</longitude>
    <city>AMMAN</city>
    <country>JORDAN</country>
    <listStatus>Success</listStatus>
    <ImagePath>Images/vpn.png</ImagePath>
  </WorldMap>
  <WorldMap>
    <UserName>dof000936</UserName>
    <ipAddess>185.66.17.74</ipAddess>
    <creationTime>6/17/2015 5:26:10 AM</creationTime>
    <attackCount>1</attackCount>
    <latitude>25.25817</latitude>
    <longitude>55.30472</longitude>
    <city>DUBAI</city>
    <country>UNITED ARAB EMIRATES</country>
    <listStatus>Success</listStatus>
    <ImagePath>Images/vpn.png</ImagePath>
  </WorldMap>
</DocumentElement>