<?xml version="1.0" standalone="yes"?>
<DocumentElement>
  <WorldMap>
    <UserName>dof-noc</UserName>
    <ipAddess>94.56.0.102</ipAddess>
    <creationTime>2/2/2015 5:11:12 AM</creationTime>
    <attackCount>1</attackCount>
    <latitude>25.25817</latitude>
    <longitude>55.30472</longitude>
    <city>DUBAI</city>
    <country>UNITED ARAB EMIRATES</country>
    <listStatus>Success</listStatus>
    <ImagePath>Images/vpn.png</ImagePath>
  </WorldMap>
  <WorldMap>
    <UserName>doc001146</UserName>
    <ipAddess>195.229.241.184</ipAddess>
    <creationTime>2/2/2015 3:53:33 AM</creationTime>
    <attackCount>4</attackCount>
    <latitude>25.25817</latitude>
    <longitude>55.30472</longitude>
    <city>DUBAI</city>
    <country>UNITED ARAB EMIRATES</country>
    <listStatus>Success</listStatus>
    <ImagePath>Images/vpn.png</ImagePath>
  </WorldMap>
  <WorldMap>
    <UserName>ossamaa</UserName>
    <ipAddess>2.50.18.253</ipAddess>
    <creationTime>2/2/2015 3:56:24 AM</creationTime>
    <attackCount>5</attackCount>
    <latitude>25.25817</latitude>
    <longitude>55.30472</longitude>
    <city>DUBAI</city>
    <country>UNITED ARAB EMIRATES</country>
    <listStatus>Success</listStatus>
    <ImagePath>Images/vpn.png</ImagePath>
  </WorldMap>
  <WorldMap>
    <UserName>ehammadi</UserName>
    <ipAddess>83.110.90.10</ipAddess>
    <creationTime>2/2/2015 4:12:13 AM</creationTime>
    <attackCount>192</attackCount>
    <latitude>24.46667</latitude>
    <longitude>54.36667</longitude>
    <city>ABU DHABI</city>
    <country>UNITED ARAB EMIRATES</country>
    <listStatus>Fail</listStatus>
    <ImagePath>Images/vpnFailed.png</ImagePath>
  </WorldMap>
  <WorldMap>
    <UserName>DOF</UserName>
    <ipAddess>DOF</ipAddess>
    <creationTime>2/2/2015 9:16:58 AM</creationTime>
    <attackCount>0</attackCount>
    <latitude>24.492689</latitude>
    <longitude>54.359386</longitude>
    <city>ABU DHABI</city>
    <country>UNITED ARAB EMIRATES</country>
    <listStatus>HQ</listStatus>
    <ImagePath>Images/logosmall.png</ImagePath>
  </WorldMap>
    <WorldMap>
        <UserName>dof-noc</UserName>
        <ipAddess>94.56.0.102</ipAddess>
        <creationTime>2/2/2015 5:11:12 AM</creationTime>
        <attackCount>1</attackCount>
        <latitude>25.25817</latitude>
        <longitude>55.30472</longitude>
        <city>DUBAI</city>
        <country>UNITED ARAB EMIRATES</country>
        <listStatus>Success</listStatus>
        <ImagePath>Images/vpn.png</ImagePath>
    </WorldMap>
    <WorldMap>
        <UserName>doc001146</UserName>
        <ipAddess>195.229.241.184</ipAddess>
        <creationTime>2/2/2015 3:53:33 AM</creationTime>
        <attackCount>4</attackCount>
        <latitude>25.25817</latitude>
        <longitude>55.30472</longitude>
        <city>DUBAI</city>
        <country>UNITED ARAB EMIRATES</country>
        <listStatus>Success</listStatus>
        <ImagePath>Images/vpn.png</ImagePath>
    </WorldMap>
    <WorldMap>
        <UserName>ossamaa</UserName>
        <ipAddess>2.50.18.253</ipAddess>
        <creationTime>2/2/2015 3:56:24 AM</creationTime>
        <attackCount>5</attackCount>
        <latitude>25.25817</latitude>
        <longitude>55.30472</longitude>
        <city>DUBAI</city>
        <country>UNITED ARAB EMIRATES</country>
        <listStatus>Success</listStatus>
        <ImagePath>Images/vpn.png</ImagePath>
    </WorldMap>
    <WorldMap>
        <UserName>ehammadi</UserName>
        <ipAddess>83.110.90.10</ipAddess>
        <creationTime>2/2/2015 4:12:13 AM</creationTime>
        <attackCount>192</attackCount>
        <latitude>24.46667</latitude>
        <longitude>54.36667</longitude>
        <city>ABU DHABI</city>
        <country>UNITED ARAB EMIRATES</country>
        <listStatus>Fail</listStatus>
        <ImagePath>Images/vpnFailed.png</ImagePath>
    </WorldMap>
    <WorldMap>
        <UserName>DOF</UserName>
        <ipAddess>DOF</ipAddess>
        <creationTime>2/2/2015 9:16:58 AM</creationTime>
        <attackCount>0</attackCount>
        <latitude>24.492689</latitude>
        <longitude>54.359386</longitude>
        <city>ABU DHABI</city>
        <country>UNITED ARAB EMIRATES</country>
        <listStatus>HQ</listStatus>
        <ImagePath>Images/logosmall.png</ImagePath>
    </WorldMap>
    <WorldMap>
        <UserName>dof-noc</UserName>
        <ipAddess>94.56.0.102</ipAddess>
        <creationTime>2/2/2015 5:11:12 AM</creationTime>
        <attackCount>1</attackCount>
        <latitude>25.25817</latitude>
        <longitude>55.30472</longitude>
        <city>DUBAI</city>
        <country>UNITED ARAB EMIRATES</country>
        <listStatus>Success</listStatus>
        <ImagePath>Images/vpn.png</ImagePath>
    </WorldMap>
    <WorldMap>
        <UserName>doc001146</UserName>
        <ipAddess>195.229.241.184</ipAddess>
        <creationTime>2/2/2015 3:53:33 AM</creationTime>
        <attackCount>4</attackCount>
        <latitude>25.25817</latitude>
        <longitude>55.30472</longitude>
        <city>DUBAI</city>
        <country>UNITED ARAB EMIRATES</country>
        <listStatus>Success</listStatus>
        <ImagePath>Images/vpn.png</ImagePath>
    </WorldMap>
    <WorldMap>
        <UserName>ossamaa</UserName>
        <ipAddess>2.50.18.253</ipAddess>
        <creationTime>2/2/2015 3:56:24 AM</creationTime>
        <attackCount>5</attackCount>
        <latitude>25.25817</latitude>
        <longitude>55.30472</longitude>
        <city>DUBAI</city>
        <country>UNITED ARAB EMIRATES</country>
        <listStatus>Success</listStatus>
        <ImagePath>Images/vpn.png</ImagePath>
    </WorldMap>
    <WorldMap>
        <UserName>ehammadi</UserName>
        <ipAddess>83.110.90.10</ipAddess>
        <creationTime>2/2/2015 4:12:13 AM</creationTime>
        <attackCount>192</attackCount>
        <latitude>24.46667</latitude>
        <longitude>54.36667</longitude>
        <city>ABU DHABI</city>
        <country>UNITED ARAB EMIRATES</country>
        <listStatus>Fail</listStatus>
        <ImagePath>Images/vpnFailed.png</ImagePath>
    </WorldMap>
    <WorldMap>
        <UserName>DOF</UserName>
        <ipAddess>DOF</ipAddess>
        <creationTime>2/2/2015 9:16:58 AM</creationTime>
        <attackCount>0</attackCount>
        <latitude>24.492689</latitude>
        <longitude>54.359386</longitude>
        <city>ABU DHABI</city>
        <country>UNITED ARAB EMIRATES</country>
        <listStatus>HQ</listStatus>
        <ImagePath>Images/logosmall.png</ImagePath>
    </WorldMap>
    <WorldMap>
        <UserName>dof-noc</UserName>
        <ipAddess>94.56.0.102</ipAddess>
        <creationTime>2/2/2015 5:11:12 AM</creationTime>
        <attackCount>1</attackCount>
        <latitude>25.25817</latitude>
        <longitude>55.30472</longitude>
        <city>DUBAI</city>
        <country>UNITED ARAB EMIRATES</country>
        <listStatus>Success</listStatus>
        <ImagePath>Images/vpn.png</ImagePath>
    </WorldMap>
    <WorldMap>
        <UserName>doc001146</UserName>
        <ipAddess>195.229.241.184</ipAddess>
        <creationTime>2/2/2015 3:53:33 AM</creationTime>
        <attackCount>4</attackCount>
        <latitude>25.25817</latitude>
        <longitude>55.30472</longitude>
        <city>DUBAI</city>
        <country>UNITED ARAB EMIRATES</country>
        <listStatus>Success</listStatus>
        <ImagePath>Images/vpn.png</ImagePath>
    </WorldMap>
    <WorldMap>
        <UserName>ossamaa</UserName>
        <ipAddess>2.50.18.253</ipAddess>
        <creationTime>2/2/2015 3:56:24 AM</creationTime>
        <attackCount>5</attackCount>
        <latitude>25.25817</latitude>
        <longitude>55.30472</longitude>
        <city>DUBAI</city>
        <country>UNITED ARAB EMIRATES</country>
        <listStatus>Success</listStatus>
        <ImagePath>Images/vpn.png</ImagePath>
    </WorldMap>
    <WorldMap>
        <UserName>ehammadi</UserName>
        <ipAddess>83.110.90.10</ipAddess>
        <creationTime>2/2/2015 4:12:13 AM</creationTime>
        <attackCount>192</attackCount>
        <latitude>24.46667</latitude>
        <longitude>54.36667</longitude>
        <city>ABU DHABI</city>
        <country>UNITED ARAB EMIRATES</country>
        <listStatus>Fail</listStatus>
        <ImagePath>Images/vpnFailed.png</ImagePath>
    </WorldMap>
    <WorldMap>
        <UserName>DOF</UserName>
        <ipAddess>DOF</ipAddess>
        <creationTime>2/2/2015 9:16:58 AM</creationTime>
        <attackCount>0</attackCount>
        <latitude>24.492689</latitude>
        <longitude>54.359386</longitude>
        <city>ABU DHABI</city>
        <country>UNITED ARAB EMIRATES</country>
        <listStatus>HQ</listStatus>
        <ImagePath>Images/logosmall.png</ImagePath>
    </WorldMap>

</DocumentElement>