<?xml version="1.0" standalone="yes"?>
<DocumentElement>
  <Vulnerabilty>
    <TIMESTAMP>2015-02-02T01:00:00+04:00</TIMESTAMP>
    <CATEGORY>vulnerability</CATEGORY>
    <VUL_NAME>Digium Asterisk Skinny Channel NULL-Pointer Dereference Vulnerability(35378)</VUL_NAME>
    <ATTACKERADDRESS>2887203111</ATTACKERADDRESS>
    <IPADDRESS>172.23.57.39</IPADDRESS>
    <ACTION>alert</ACTION>
    <DEVICEHOSTNAME>PA-3050-HQ-FW2</DEVICEHOSTNAME>
    <LOCATION>DOF_HQ</LOCATION>
    <SUMAGG>3</SUMAGG>
  </Vulnerabilty>
  <Vulnerabilty>
    <TIMESTAMP>2015-02-02T01:00:00+04:00</TIMESTAMP>
    <CATEGORY>vulnerability</CATEGORY>
    <VUL_NAME>Digium Asterisk Skinny Channel NULL-Pointer Dereference Vulnerability(35378)</VUL_NAME>
    <ATTACKERADDRESS>2887584551</ATTACKERADDRESS>
    <IPADDRESS>172.29.11.39</IPADDRESS>
    <ACTION>alert</ACTION>
    <DEVICEHOSTNAME>PA-3050-HQ-FW2</DEVICEHOSTNAME>
    <LOCATION>DOF_HQ</LOCATION>
    <SUMAGG>2</SUMAGG>
  </Vulnerabilty>
  <Vulnerabilty>
    <TIMESTAMP>2015-02-02T02:00:00+04:00</TIMESTAMP>
    <CATEGORY>vulnerability</CATEGORY>
    <VUL_NAME>LDAP SEARCHREQUEST or MODIFYDN Request Message Too Long(30350)</VUL_NAME>
    <ATTACKERADDRESS>2887332400</ATTACKERADDRESS>
    <IPADDRESS>172.25.50.48</IPADDRESS>
    <ACTION>alert</ACTION>
    <DEVICEHOSTNAME>PA-3050-HQ-FW2</DEVICEHOSTNAME>
    <LOCATION>DOF_HQ</LOCATION>
    <SUMAGG>1</SUMAGG>
  </Vulnerabilty>
  <Vulnerabilty>
    <TIMESTAMP>2015-02-02T02:00:00+04:00</TIMESTAMP>
    <CATEGORY>vulnerability</CATEGORY>
    <VUL_NAME>Digium Asterisk Skinny Channel NULL-Pointer Dereference Vulnerability(35378)</VUL_NAME>
    <ATTACKERADDRESS>169504402</ATTACKERADDRESS>
    <IPADDRESS>10.26.110.146</IPADDRESS>
    <ACTION>alert</ACTION>
    <DEVICEHOSTNAME>PA-3050-HQ-FW2</DEVICEHOSTNAME>
    <LOCATION>DOF_HQ</LOCATION>
    <SUMAGG>1</SUMAGG>
  </Vulnerabilty>
  <Vulnerabilty>
    <TIMESTAMP>2015-02-02T02:00:00+04:00</TIMESTAMP>
    <CATEGORY>vulnerability</CATEGORY>
    <VUL_NAME>Microsoft Windows SMB NTLM Authentication Lack of Entropy Vulnerability(40034)</VUL_NAME>
    <ATTACKERADDRESS>2887323424</ATTACKERADDRESS>
    <IPADDRESS>172.25.15.32</IPADDRESS>
    <ACTION>alert</ACTION>
    <DEVICEHOSTNAME>PA-3050-HQ-FW2</DEVICEHOSTNAME>
    <LOCATION>DOF_HQ</LOCATION>
    <SUMAGG>195</SUMAGG>
  </Vulnerabilty>
  <Vulnerabilty>
    <TIMESTAMP>2015-02-02T02:00:00+04:00</TIMESTAMP>
    <CATEGORY>vulnerability</CATEGORY>
    <VUL_NAME>Digium Asterisk Skinny Channel NULL-Pointer Dereference Vulnerability(35378)</VUL_NAME>
    <ATTACKERADDRESS>2887453589</ATTACKERADDRESS>
    <IPADDRESS>172.27.11.149</IPADDRESS>
    <ACTION>alert</ACTION>
    <DEVICEHOSTNAME>PA-3050-HQ-FW2</DEVICEHOSTNAME>
    <LOCATION>DOF_HQ</LOCATION>
    <SUMAGG>2</SUMAGG>
  </Vulnerabilty>
  <Vulnerabilty>
    <TIMESTAMP>2015-02-02T02:00:00+04:00</TIMESTAMP>
    <CATEGORY>vulnerability</CATEGORY>
    <VUL_NAME>Various Evasion Techniques(37242)</VUL_NAME>
    <ATTACKERADDRESS>3056767020</ATTACKERADDRESS>
    <IPADDRESS>182.50.144.44</IPADDRESS>
    <ACTION>reset-both</ACTION>
    <DEVICEHOSTNAME>PA-3050-DR1</DEVICEHOSTNAME>
    <LOCATION>DOF_DR</LOCATION>
    <SUMAGG>2</SUMAGG>
  </Vulnerabilty>
  <Vulnerabilty>
    <TIMESTAMP>2015-02-02T02:00:00+04:00</TIMESTAMP>
    <CATEGORY>vulnerability</CATEGORY>
    <VUL_NAME>Various Evasion Techniques(37242)</VUL_NAME>
    <ATTACKERADDRESS>3056767020</ATTACKERADDRESS>
    <IPADDRESS>182.50.144.44</IPADDRESS>
    <ACTION>reset-both</ACTION>
    <DEVICEHOSTNAME>PA-3050-HQ-FW2</DEVICEHOSTNAME>
    <LOCATION>DOF_HQ</LOCATION>
    <SUMAGG>3</SUMAGG>
  </Vulnerabilty>
  <Vulnerabilty>
    <TIMESTAMP>2015-02-02T03:00:00+04:00</TIMESTAMP>
    <CATEGORY>vulnerability</CATEGORY>
    <VUL_NAME>Digium Asterisk Skinny Channel NULL-Pointer Dereference Vulnerability(35378)</VUL_NAME>
    <ATTACKERADDRESS>169504395</ATTACKERADDRESS>
    <IPADDRESS>10.26.110.139</IPADDRESS>
    <ACTION>alert</ACTION>
    <DEVICEHOSTNAME>PA-3050-HQ-FW2</DEVICEHOSTNAME>
    <LOCATION>DOF_HQ</LOCATION>
    <SUMAGG>2</SUMAGG>
  </Vulnerabilty>
  <Vulnerabilty>
    <TIMESTAMP>2015-02-02T03:00:00+04:00</TIMESTAMP>
    <CATEGORY>vulnerability</CATEGORY>
    <VUL_NAME>Digium Asterisk Skinny Channel NULL-Pointer Dereference Vulnerability(35378)</VUL_NAME>
    <ATTACKERADDRESS>169504402</ATTACKERADDRESS>
    <IPADDRESS>10.26.110.146</IPADDRESS>
    <ACTION>alert</ACTION>
    <DEVICEHOSTNAME>PA-3050-HQ-FW2</DEVICEHOSTNAME>
    <LOCATION>DOF_HQ</LOCATION>
    <SUMAGG>1</SUMAGG>
  </Vulnerabilty>
  <Vulnerabilty>
    <TIMESTAMP>2015-02-02T03:00:00+04:00</TIMESTAMP>
    <CATEGORY>vulnerability</CATEGORY>
    <VUL_NAME>Digium Asterisk Skinny Channel NULL-Pointer Dereference Vulnerability(35378)</VUL_NAME>
    <ATTACKERADDRESS>2887190807</ATTACKERADDRESS>
    <IPADDRESS>172.23.9.23</IPADDRESS>
    <ACTION>alert</ACTION>
    <DEVICEHOSTNAME>PA-3050-HQ-FW2</DEVICEHOSTNAME>
    <LOCATION>DOF_HQ</LOCATION>
    <SUMAGG>1</SUMAGG>
  </Vulnerabilty>
  <Vulnerabilty>
    <TIMESTAMP>2015-02-02T03:00:00+04:00</TIMESTAMP>
    <CATEGORY>vulnerability</CATEGORY>
    <VUL_NAME>Digium Asterisk Skinny Channel NULL-Pointer Dereference Vulnerability(35378)</VUL_NAME>
    <ATTACKERADDRESS>2887211537</ATTACKERADDRESS>
    <IPADDRESS>172.23.90.17</IPADDRESS>
    <ACTION>alert</ACTION>
    <DEVICEHOSTNAME>PA-3050-HQ-FW2</DEVICEHOSTNAME>
    <LOCATION>DOF_HQ</LOCATION>
    <SUMAGG>1</SUMAGG>
  </Vulnerabilty>
  <Vulnerabilty>
    <TIMESTAMP>2015-02-02T03:00:00+04:00</TIMESTAMP>
    <CATEGORY>vulnerability</CATEGORY>
    <VUL_NAME>HTTP NTLM Authentication Brute-force Attack(40030)</VUL_NAME>
    <ATTACKERADDRESS>2887212049</ATTACKERADDRESS>
    <IPADDRESS>172.23.92.17</IPADDRESS>
    <ACTION>alert</ACTION>
    <DEVICEHOSTNAME>PA-3050-HQ-FW2</DEVICEHOSTNAME>
    <LOCATION>DOF_HQ</LOCATION>
    <SUMAGG>27</SUMAGG>
  </Vulnerabilty>
  <Vulnerabilty>
    <TIMESTAMP>2015-02-02T03:00:00+04:00</TIMESTAMP>
    <CATEGORY>vulnerability</CATEGORY>
    <VUL_NAME>Microsoft Windows Active Directory LDAP Request Validation Remote Code Execution Vulnerability(30251)</VUL_NAME>
    <ATTACKERADDRESS>2887332397</ATTACKERADDRESS>
    <IPADDRESS>172.25.50.45</IPADDRESS>
    <ACTION>alert</ACTION>
    <DEVICEHOSTNAME>PA-3050-HQ-FW2</DEVICEHOSTNAME>
    <LOCATION>DOF_HQ</LOCATION>
    <SUMAGG>1</SUMAGG>
  </Vulnerabilty>
  <Vulnerabilty>
    <TIMESTAMP>2015-02-02T03:00:00+04:00</TIMESTAMP>
    <CATEGORY>vulnerability</CATEGORY>
    <VUL_NAME>Digium Asterisk Skinny Channel NULL-Pointer Dereference Vulnerability(35378)</VUL_NAME>
    <ATTACKERADDRESS>2887584551</ATTACKERADDRESS>
    <IPADDRESS>172.29.11.39</IPADDRESS>
    <ACTION>alert</ACTION>
    <DEVICEHOSTNAME>PA-3050-HQ-FW2</DEVICEHOSTNAME>
    <LOCATION>DOF_HQ</LOCATION>
    <SUMAGG>6</SUMAGG>
  </Vulnerabilty>
  <Vulnerabilty>
    <TIMESTAMP>2015-02-02T03:00:00+04:00</TIMESTAMP>
    <CATEGORY>vulnerability</CATEGORY>
    <VUL_NAME>Digium Asterisk Skinny Channel NULL-Pointer Dereference Vulnerability(35378)</VUL_NAME>
    <ATTACKERADDRESS>2887715596</ATTACKERADDRESS>
    <IPADDRESS>172.31.11.12</IPADDRESS>
    <ACTION>alert</ACTION>
    <DEVICEHOSTNAME>PA-3050-HQ-FW2</DEVICEHOSTNAME>
    <LOCATION>DOF_HQ</LOCATION>
    <SUMAGG>1</SUMAGG>
  </Vulnerabilty>
  <Vulnerabilty>
    <TIMESTAMP>2015-02-02T03:00:00+04:00</TIMESTAMP>
    <CATEGORY>vulnerability</CATEGORY>
    <VUL_NAME>Digium Asterisk Skinny Channel NULL-Pointer Dereference Vulnerability(35378)</VUL_NAME>
    <ATTACKERADDRESS>2887715606</ATTACKERADDRESS>
    <IPADDRESS>172.31.11.22</IPADDRESS>
    <ACTION>alert</ACTION>
    <DEVICEHOSTNAME>PA-3050-HQ-FW2</DEVICEHOSTNAME>
    <LOCATION>DOF_HQ</LOCATION>
    <SUMAGG>1</SUMAGG>
  </Vulnerabilty>
</DocumentElement>