<?xml version="1.0" standalone="yes"?>
<DocumentElement>
  <WorldMap>
    <UserName>Check</UserName>
    <ipAddess>2.50.135.43</ipAddess>
    <ipAddessTarget>10.25.1.214</ipAddessTarget>
    <creationTime>2015-02-02 04:00:00.0000000</creationTime>
    <attackCount>2066</attackCount>
    <latitude>24.11028</latitude>
    <longitude>52.73056</longitude>
    <city>AR RUWAYS</city>
    <country>UNITED ARAB EMIRATES</country>
    <listStatus>Normal</listStatus>
    <destinationport>80</destinationport>
    <ImagePath>Images/WIValid.png</ImagePath>
  </WorldMap>
  <WorldMap>
    <UserName>Check</UserName>
    <ipAddess>2.50.169.121</ipAddess>
    <ipAddessTarget>10.25.1.214</ipAddessTarget>
    <creationTime>2015-02-02 04:00:00.0000000</creationTime>
    <attackCount>239</attackCount>
    <latitude>24.46667</latitude>
    <longitude>54.36667</longitude>
    <city>ABU DHABI</city>
    <country>UNITED ARAB EMIRATES</country>
    <listStatus>Normal</listStatus>
    <destinationport>80</destinationport>
    <ImagePath>Images/WIValid.png</ImagePath>
  </WorldMap>
  <WorldMap>
    <UserName>Check</UserName>
    <ipAddess>2.50.134.36</ipAddess>
    <ipAddessTarget>10.25.1.215</ipAddessTarget>
    <creationTime>2015-02-02 04:00:00.0000000</creationTime>
    <attackCount>1640</attackCount>
    <latitude>24.46667</latitude>
    <longitude>54.36667</longitude>
    <city>ABU DHABI</city>
    <country>UNITED ARAB EMIRATES</country>
    <listStatus>Normal</listStatus>
    <destinationport>80</destinationport>
    <ImagePath>Images/WIValid.png</ImagePath>
  </WorldMap>
  <WorldMap>
    <UserName>Check</UserName>
    <ipAddess>2.50.135.207</ipAddess>
    <ipAddessTarget>10.25.1.214</ipAddessTarget>
    <creationTime>2015-02-02 04:00:00.0000000</creationTime>
    <attackCount>1413</attackCount>
    <latitude>24.11028</latitude>
    <longitude>52.73056</longitude>
    <city>AR RUWAYS</city>
    <country>UNITED ARAB EMIRATES</country>
    <listStatus>Normal</listStatus>
    <destinationport>80</destinationport>
    <ImagePath>Images/WIValid.png</ImagePath>
  </WorldMap>
  <WorldMap>
    <UserName>Check</UserName>
    <ipAddess>2.50.135.208</ipAddess>
    <ipAddessTarget>10.25.1.214</ipAddessTarget>
    <creationTime>2015-02-02 04:00:00.0000000</creationTime>
    <attackCount>1155</attackCount>
    <latitude>24.11028</latitude>
    <longitude>52.73056</longitude>
    <city>AR RUWAYS</city>
    <country>UNITED ARAB EMIRATES</country>
    <listStatus>Normal</listStatus>
    <destinationport>80</destinationport>
    <ImagePath>Images/WIValid.png</ImagePath>
  </WorldMap>
  <WorldMap>
    <UserName>Check</UserName>
    <ipAddess>2.50.135.134</ipAddess>
    <ipAddessTarget>10.25.1.214</ipAddessTarget>
    <creationTime>2015-02-02 04:00:00.0000000</creationTime>
    <attackCount>963</attackCount>
    <latitude>24.11028</latitude>
    <longitude>52.73056</longitude>
    <city>AR RUWAYS</city>
    <country>UNITED ARAB EMIRATES</country>
    <listStatus>Normal</listStatus>
    <destinationport>80</destinationport>
    <ImagePath>Images/WIValid.png</ImagePath>
  </WorldMap>
  <WorldMap>
    <UserName>Check</UserName>
    <ipAddess>86.98.67.16</ipAddess>
    <ipAddessTarget>10.25.1.215</ipAddessTarget>
    <creationTime>2015-02-02 04:00:00.0000000</creationTime>
    <attackCount>903</attackCount>
    <latitude>25.25817</latitude>
    <longitude>55.30472</longitude>
    <city>DUBAI</city>
    <country>UNITED ARAB EMIRATES</country>
    <listStatus>Normal</listStatus>
    <destinationport>80</destinationport>
    <ImagePath>Images/WIValid.png</ImagePath>
  </WorldMap>
  <WorldMap>
    <UserName>Check</UserName>
    <ipAddess>86.98.150.219</ipAddess>
    <ipAddessTarget>10.25.1.214</ipAddessTarget>
    <creationTime>2015-02-02 04:00:00.0000000</creationTime>
    <attackCount>900</attackCount>
    <latitude>25.25817</latitude>
    <longitude>55.30472</longitude>
    <city>DUBAI</city>
    <country>UNITED ARAB EMIRATES</country>
    <listStatus>Normal</listStatus>
    <destinationport>80</destinationport>
    <ImagePath>Images/WIValid.png</ImagePath>
  </WorldMap>
  <WorldMap>
    <UserName>Check</UserName>
    <ipAddess>86.98.149.123</ipAddess>
    <ipAddessTarget>10.25.1.214</ipAddessTarget>
    <creationTime>2015-02-02 04:00:00.0000000</creationTime>
    <attackCount>884</attackCount>
    <latitude>24.46667</latitude>
    <longitude>54.36667</longitude>
    <city>ABU DHABI</city>
    <country>UNITED ARAB EMIRATES</country>
    <listStatus>Normal</listStatus>
    <destinationport>80</destinationport>
    <ImagePath>Images/WIValid.png</ImagePath>
  </WorldMap>
  <WorldMap>
    <UserName>Check</UserName>
    <ipAddess>2.50.135.171</ipAddess>
    <ipAddessTarget>10.25.1.214</ipAddessTarget>
    <creationTime>2015-02-02 04:00:00.0000000</creationTime>
    <attackCount>856</attackCount>
    <latitude>24.11028</latitude>
    <longitude>52.73056</longitude>
    <city>AR RUWAYS</city>
    <country>UNITED ARAB EMIRATES</country>
    <listStatus>Normal</listStatus>
    <destinationport>80</destinationport>
    <ImagePath>Images/WIValid.png</ImagePath>
  </WorldMap>
  <WorldMap>
    <UserName>Check</UserName>
    <ipAddess>2.50.135.161</ipAddess>
    <ipAddessTarget>10.25.1.215</ipAddessTarget>
    <creationTime>2015-02-02 04:00:00.0000000</creationTime>
    <attackCount>824</attackCount>
    <latitude>24.11028</latitude>
    <longitude>52.73056</longitude>
    <city>AR RUWAYS</city>
    <country>UNITED ARAB EMIRATES</country>
    <listStatus>Normal</listStatus>
    <destinationport>80</destinationport>
    <ImagePath>Images/WIValid.png</ImagePath>
  </WorldMap>
  <WorldMap>
    <UserName>Check</UserName>
    <ipAddess>2.50.189.153</ipAddess>
    <ipAddessTarget>10.25.1.215</ipAddessTarget>
    <creationTime>2015-02-02 04:00:00.0000000</creationTime>
    <attackCount>803</attackCount>
    <latitude>25.25817</latitude>
    <longitude>55.30472</longitude>
    <city>DUBAI</city>
    <country>UNITED ARAB EMIRATES</country>
    <listStatus>Normal</listStatus>
    <destinationport>80</destinationport>
    <ImagePath>Images/WIValid.png</ImagePath>
  </WorldMap>
  <WorldMap>
    <UserName>Check</UserName>
    <ipAddess>2.50.135.251</ipAddess>
    <ipAddessTarget>10.25.1.214</ipAddessTarget>
    <creationTime>2015-02-02 04:00:00.0000000</creationTime>
    <attackCount>793</attackCount>
    <latitude>24.11028</latitude>
    <longitude>52.73056</longitude>
    <city>AR RUWAYS</city>
    <country>UNITED ARAB EMIRATES</country>
    <listStatus>Normal</listStatus>
    <destinationport>80</destinationport>
    <ImagePath>Images/WIValid.png</ImagePath>
  </WorldMap>
  <WorldMap>
    <UserName>Check</UserName>
    <ipAddess>2.50.134.109</ipAddess>
    <ipAddessTarget>10.25.1.215</ipAddessTarget>
    <creationTime>2015-02-02 04:00:00.0000000</creationTime>
    <attackCount>772</attackCount>
    <latitude>24.46667</latitude>
    <longitude>54.36667</longitude>
    <city>ABU DHABI</city>
    <country>UNITED ARAB EMIRATES</country>
    <listStatus>Normal</listStatus>
    <destinationport>80</destinationport>
    <ImagePath>Images/WIValid.png</ImagePath>
  </WorldMap>
  <WorldMap>
    <UserName>Check</UserName>
    <ipAddess>2.50.134.126</ipAddess>
    <ipAddessTarget>10.25.1.214</ipAddessTarget>
    <creationTime>2015-02-02 04:00:00.0000000</creationTime>
    <attackCount>758</attackCount>
    <latitude>24.46667</latitude>
    <longitude>54.36667</longitude>
    <city>ABU DHABI</city>
    <country>UNITED ARAB EMIRATES</country>
    <listStatus>Normal</listStatus>
    <destinationport>80</destinationport>
    <ImagePath>Images/WIValid.png</ImagePath>
  </WorldMap>
  <WorldMap>
    <UserName>Check</UserName>
    <ipAddess>2.50.134.95</ipAddess>
    <ipAddessTarget>10.25.1.215</ipAddessTarget>
    <creationTime>2015-02-02 04:00:00.0000000</creationTime>
    <attackCount>738</attackCount>
    <latitude>24.46667</latitude>
    <longitude>54.36667</longitude>
    <city>ABU DHABI</city>
    <country>UNITED ARAB EMIRATES</country>
    <listStatus>Normal</listStatus>
    <destinationport>80</destinationport>
    <ImagePath>Images/WIValid.png</ImagePath>
  </WorldMap>
  <WorldMap>
    <UserName>Check</UserName>
    <ipAddess>2.50.135.3</ipAddess>
    <ipAddessTarget>10.25.1.214</ipAddessTarget>
    <creationTime>2015-02-02 04:00:00.0000000</creationTime>
    <attackCount>738</attackCount>
    <latitude>24.11028</latitude>
    <longitude>52.73056</longitude>
    <city>AR RUWAYS</city>
    <country>UNITED ARAB EMIRATES</country>
    <listStatus>Normal</listStatus>
    <destinationport>80</destinationport>
    <ImagePath>Images/WIValid.png</ImagePath>
  </WorldMap>
  <WorldMap>
    <UserName>Check</UserName>
    <ipAddess>86.96.109.246</ipAddess>
    <ipAddessTarget>10.25.1.214</ipAddessTarget>
    <creationTime>2015-02-02 04:00:00.0000000</creationTime>
    <attackCount>724</attackCount>
    <latitude>24.46667</latitude>
    <longitude>54.36667</longitude>
    <city>ABU DHABI</city>
    <country>UNITED ARAB EMIRATES</country>
    <listStatus>Normal</listStatus>
    <destinationport>80</destinationport>
    <ImagePath>Images/WIValid.png</ImagePath>
  </WorldMap>
  <WorldMap>
    <UserName>Check</UserName>
    <ipAddess>2.50.135.67</ipAddess>
    <ipAddessTarget>10.25.1.215</ipAddessTarget>
    <creationTime>2015-02-02 04:00:00.0000000</creationTime>
    <attackCount>702</attackCount>
    <latitude>24.11028</latitude>
    <longitude>52.73056</longitude>
    <city>AR RUWAYS</city>
    <country>UNITED ARAB EMIRATES</country>
    <listStatus>Normal</listStatus>
    <destinationport>80</destinationport>
    <ImagePath>Images/WIValid.png</ImagePath>
  </WorldMap>
  <WorldMap>
    <UserName>Check</UserName>
    <ipAddess>2.50.151.110</ipAddess>
    <ipAddessTarget>10.25.1.214</ipAddessTarget>
    <creationTime>2015-02-02 04:00:00.0000000</creationTime>
    <attackCount>652</attackCount>
    <latitude>25.25817</latitude>
    <longitude>55.30472</longitude>
    <city>DUBAI</city>
    <country>UNITED ARAB EMIRATES</country>
    <listStatus>Normal</listStatus>
    <destinationport>80</destinationport>
    <ImagePath>Images/WIValid.png</ImagePath>
  </WorldMap>
  <WorldMap>
    <UserName>Check</UserName>
    <ipAddess>2.50.161.254</ipAddess>
    <ipAddessTarget>10.25.1.215</ipAddessTarget>
    <creationTime>2015-02-02 04:00:00.0000000</creationTime>
    <attackCount>626</attackCount>
    <latitude>25.25817</latitude>
    <longitude>55.30472</longitude>
    <city>DUBAI</city>
    <country>UNITED ARAB EMIRATES</country>
    <listStatus>Normal</listStatus>
    <destinationport>80</destinationport>
    <ImagePath>Images/WIValid.png</ImagePath>
  </WorldMap>
  <WorldMap>
    <UserName>Check</UserName>
    <ipAddess>2.50.150.202</ipAddess>
    <ipAddessTarget>10.25.1.215</ipAddessTarget>
    <creationTime>2015-02-02 04:00:00.0000000</creationTime>
    <attackCount>622</attackCount>
    <latitude>24.46667</latitude>
    <longitude>54.36667</longitude>
    <city>ABU DHABI</city>
    <country>UNITED ARAB EMIRATES</country>
    <listStatus>Normal</listStatus>
    <destinationport>80</destinationport>
    <ImagePath>Images/WIValid.png</ImagePath>
  </WorldMap>
  <WorldMap>
    <UserName>Check</UserName>
    <ipAddess>2.50.189.124</ipAddess>
    <ipAddessTarget>10.25.1.214</ipAddessTarget>
    <creationTime>2015-02-02 04:00:00.0000000</creationTime>
    <attackCount>590</attackCount>
    <latitude>25.25817</latitude>
    <longitude>55.30472</longitude>
    <city>DUBAI</city>
    <country>UNITED ARAB EMIRATES</country>
    <listStatus>Normal</listStatus>
    <destinationport>80</destinationport>
    <ImagePath>Images/WIValid.png</ImagePath>
  </WorldMap>
  <WorldMap>
    <UserName>Check</UserName>
    <ipAddess>2.50.135.79</ipAddess>
    <ipAddessTarget>10.25.1.215</ipAddessTarget>
    <creationTime>2015-02-02 04:00:00.0000000</creationTime>
    <attackCount>585</attackCount>
    <latitude>24.11028</latitude>
    <longitude>52.73056</longitude>
    <city>AR RUWAYS</city>
    <country>UNITED ARAB EMIRATES</country>
    <listStatus>Normal</listStatus>
    <destinationport>80</destinationport>
    <ImagePath>Images/WIValid.png</ImagePath>
  </WorldMap>
  <WorldMap>
    <UserName>Check</UserName>
    <ipAddess>2.50.135.134</ipAddess>
    <ipAddessTarget>10.25.1.215</ipAddessTarget>
    <creationTime>2015-02-02 04:00:00.0000000</creationTime>
    <attackCount>582</attackCount>
    <latitude>24.11028</latitude>
    <longitude>52.73056</longitude>
    <city>AR RUWAYS</city>
    <country>UNITED ARAB EMIRATES</country>
    <listStatus>Normal</listStatus>
    <destinationport>80</destinationport>
    <ImagePath>Images/WIValid.png</ImagePath>
  </WorldMap>
  <WorldMap>
    <UserName>Check</UserName>
    <ipAddess>2.50.151.141</ipAddess>
    <ipAddessTarget>10.25.1.215</ipAddessTarget>
    <creationTime>2015-02-02 04:00:00.0000000</creationTime>
    <attackCount>568</attackCount>
    <latitude>25.25817</latitude>
    <longitude>55.30472</longitude>
    <city>DUBAI</city>
    <country>UNITED ARAB EMIRATES</country>
    <listStatus>Normal</listStatus>
    <destinationport>80</destinationport>
    <ImagePath>Images/WIValid.png</ImagePath>
  </WorldMap>
  <WorldMap>
    <UserName>Check</UserName>
    <ipAddess>2.50.135.126</ipAddess>
    <ipAddessTarget>10.25.1.215</ipAddessTarget>
    <creationTime>2015-02-02 04:00:00.0000000</creationTime>
    <attackCount>563</attackCount>
    <latitude>24.11028</latitude>
    <longitude>52.73056</longitude>
    <city>AR RUWAYS</city>
    <country>UNITED ARAB EMIRATES</country>
    <listStatus>Normal</listStatus>
    <destinationport>80</destinationport>
    <ImagePath>Images/WIValid.png</ImagePath>
  </WorldMap>
  <WorldMap>
    <UserName>Check</UserName>
    <ipAddess>2.50.135.139</ipAddess>
    <ipAddessTarget>10.25.1.215</ipAddessTarget>
    <creationTime>2015-02-02 04:00:00.0000000</creationTime>
    <attackCount>556</attackCount>
    <latitude>24.11028</latitude>
    <longitude>52.73056</longitude>
    <city>AR RUWAYS</city>
    <country>UNITED ARAB EMIRATES</country>
    <listStatus>Normal</listStatus>
    <destinationport>80</destinationport>
    <ImagePath>Images/WIValid.png</ImagePath>
  </WorldMap>
  <WorldMap>
    <UserName>Check</UserName>
    <ipAddess>94.56.174.182</ipAddess>
    <ipAddessTarget>10.25.1.202</ipAddessTarget>
    <creationTime>2015-02-02 04:00:00.0000000</creationTime>
    <attackCount>552</attackCount>
    <latitude>25.25817</latitude>
    <longitude>55.30472</longitude>
    <city>DUBAI</city>
    <country>UNITED ARAB EMIRATES</country>
    <listStatus>Normal</listStatus>
    <destinationport>443</destinationport>
    <ImagePath>Images/WIValid.png</ImagePath>
  </WorldMap>
  <WorldMap>
    <UserName>Check</UserName>
    <ipAddess>2.50.162.143</ipAddess>
    <ipAddessTarget>10.25.1.214</ipAddessTarget>
    <creationTime>2015-02-02 04:00:00.0000000</creationTime>
    <attackCount>536</attackCount>
    <latitude>24.46667</latitude>
    <longitude>54.36667</longitude>
    <city>ABU DHABI</city>
    <country>UNITED ARAB EMIRATES</country>
    <listStatus>Normal</listStatus>
    <destinationport>80</destinationport>
    <ImagePath>Images/WIValid.png</ImagePath>
  </WorldMap>
  <WorldMap>
    <UserName>Check</UserName>
    <ipAddess>2.50.135.59</ipAddess>
    <ipAddessTarget>10.25.1.215</ipAddessTarget>
    <creationTime>2015-02-02 04:00:00.0000000</creationTime>
    <attackCount>503</attackCount>
    <latitude>24.11028</latitude>
    <longitude>52.73056</longitude>
    <city>AR RUWAYS</city>
    <country>UNITED ARAB EMIRATES</country>
    <listStatus>Normal</listStatus>
    <destinationport>80</destinationport>
    <ImagePath>Images/WIValid.png</ImagePath>
  </WorldMap>
  <WorldMap>
    <UserName>Check</UserName>
    <ipAddess>83.110.74.53</ipAddess>
    <ipAddessTarget>10.25.1.214</ipAddessTarget>
    <creationTime>2015-02-02 04:00:00.0000000</creationTime>
    <attackCount>501</attackCount>
    <latitude>24.46667</latitude>
    <longitude>54.36667</longitude>
    <city>ABU DHABI</city>
    <country>UNITED ARAB EMIRATES</country>
    <listStatus>Normal</listStatus>
    <destinationport>80</destinationport>
    <ImagePath>Images/WIValid.png</ImagePath>
  </WorldMap>
  <WorldMap>
    <UserName>Check</UserName>
    <ipAddess>83.110.89.11</ipAddess>
    <ipAddessTarget>10.25.1.214</ipAddessTarget>
    <creationTime>2015-02-02 04:00:00.0000000</creationTime>
    <attackCount>496</attackCount>
    <latitude>24.46667</latitude>
    <longitude>54.36667</longitude>
    <city>ABU DHABI</city>
    <country>UNITED ARAB EMIRATES</country>
    <listStatus>Normal</listStatus>
    <destinationport>80</destinationport>
    <ImagePath>Images/WIValid.png</ImagePath>
  </WorldMap>
  <WorldMap>
    <UserName>Check</UserName>
    <ipAddess>2.50.168.35</ipAddess>
    <ipAddessTarget>10.25.1.215</ipAddessTarget>
    <creationTime>2015-02-02 04:00:00.0000000</creationTime>
    <attackCount>496</attackCount>
    <latitude>25.25817</latitude>
    <longitude>55.30472</longitude>
    <city>DUBAI</city>
    <country>UNITED ARAB EMIRATES</country>
    <listStatus>Normal</listStatus>
    <destinationport>80</destinationport>
    <ImagePath>Images/WIValid.png</ImagePath>
  </WorldMap>
  <WorldMap>
    <UserName>Check</UserName>
    <ipAddess>94.56.161.82</ipAddess>
    <ipAddessTarget>10.25.1.202</ipAddessTarget>
    <creationTime>2015-02-02 04:00:00.0000000</creationTime>
    <attackCount>484</attackCount>
    <latitude>24.19167</latitude>
    <longitude>55.76056</longitude>
    <city>AL 'AYN</city>
    <country>UNITED ARAB EMIRATES</country>
    <listStatus>Normal</listStatus>
    <destinationport>443</destinationport>
    <ImagePath>Images/WIValid.png</ImagePath>
  </WorldMap>
  <WorldMap>
    <UserName>Check</UserName>
    <ipAddess>2.50.150.40</ipAddess>
    <ipAddessTarget>10.25.1.215</ipAddessTarget>
    <creationTime>2015-02-02 04:00:00.0000000</creationTime>
    <attackCount>477</attackCount>
    <latitude>24.46667</latitude>
    <longitude>54.36667</longitude>
    <city>ABU DHABI</city>
    <country>UNITED ARAB EMIRATES</country>
    <listStatus>Normal</listStatus>
    <destinationport>80</destinationport>
    <ImagePath>Images/WIValid.png</ImagePath>
  </WorldMap>
  <WorldMap>
    <UserName>Check</UserName>
    <ipAddess>2.50.135.67</ipAddess>
    <ipAddessTarget>10.25.1.214</ipAddessTarget>
    <creationTime>2015-02-02 04:00:00.0000000</creationTime>
    <attackCount>453</attackCount>
    <latitude>24.11028</latitude>
    <longitude>52.73056</longitude>
    <city>AR RUWAYS</city>
    <country>UNITED ARAB EMIRATES</country>
    <listStatus>Normal</listStatus>
    <destinationport>80</destinationport>
    <ImagePath>Images/WIValid.png</ImagePath>
  </WorldMap>
  <WorldMap>
    <UserName>Check</UserName>
    <ipAddess>2.50.135.71</ipAddess>
    <ipAddessTarget>10.25.1.215</ipAddessTarget>
    <creationTime>2015-02-02 04:00:00.0000000</creationTime>
    <attackCount>435</attackCount>
    <latitude>24.11028</latitude>
    <longitude>52.73056</longitude>
    <city>AR RUWAYS</city>
    <country>UNITED ARAB EMIRATES</country>
    <listStatus>Normal</listStatus>
    <destinationport>80</destinationport>
    <ImagePath>Images/WIValid.png</ImagePath>
  </WorldMap>
  <WorldMap>
    <UserName>Check</UserName>
    <ipAddess>2.50.135.71</ipAddess>
    <ipAddessTarget>10.25.1.214</ipAddessTarget>
    <creationTime>2015-02-02 04:00:00.0000000</creationTime>
    <attackCount>424</attackCount>
    <latitude>24.11028</latitude>
    <longitude>52.73056</longitude>
    <city>AR RUWAYS</city>
    <country>UNITED ARAB EMIRATES</country>
    <listStatus>Normal</listStatus>
    <destinationport>80</destinationport>
    <ImagePath>Images/WIValid.png</ImagePath>
  </WorldMap>
  <WorldMap>
    <UserName>Check</UserName>
    <ipAddess>2.50.134.12</ipAddess>
    <ipAddessTarget>10.25.1.215</ipAddessTarget>
    <creationTime>2015-02-02 04:00:00.0000000</creationTime>
    <attackCount>388</attackCount>
    <latitude>24.46667</latitude>
    <longitude>54.36667</longitude>
    <city>ABU DHABI</city>
    <country>UNITED ARAB EMIRATES</country>
    <listStatus>Normal</listStatus>
    <destinationport>80</destinationport>
    <ImagePath>Images/WIValid.png</ImagePath>
  </WorldMap>
  <WorldMap>
    <UserName>Check</UserName>
    <ipAddess>2.50.135.180</ipAddess>
    <ipAddessTarget>10.25.1.215</ipAddessTarget>
    <creationTime>2015-02-02 04:00:00.0000000</creationTime>
    <attackCount>338</attackCount>
    <latitude>24.11028</latitude>
    <longitude>52.73056</longitude>
    <city>AR RUWAYS</city>
    <country>UNITED ARAB EMIRATES</country>
    <listStatus>Normal</listStatus>
    <destinationport>80</destinationport>
    <ImagePath>Images/WIValid.png</ImagePath>
  </WorldMap>
  <WorldMap>
    <UserName>Check</UserName>
    <ipAddess>2.50.131.13</ipAddess>
    <ipAddessTarget>10.25.1.214</ipAddessTarget>
    <creationTime>2015-02-02 04:00:00.0000000</creationTime>
    <attackCount>308</attackCount>
    <latitude>24.19167</latitude>
    <longitude>55.76056</longitude>
    <city>AL 'AYN</city>
    <country>UNITED ARAB EMIRATES</country>
    <listStatus>Normal</listStatus>
    <destinationport>80</destinationport>
    <ImagePath>Images/WIValid.png</ImagePath>
  </WorldMap>
  <WorldMap>
    <UserName>Check</UserName>
    <ipAddess>83.110.91.209</ipAddess>
    <ipAddessTarget>10.25.1.214</ipAddessTarget>
    <creationTime>2015-02-02 04:00:00.0000000</creationTime>
    <attackCount>286</attackCount>
    <latitude>24.46667</latitude>
    <longitude>54.36667</longitude>
    <city>ABU DHABI</city>
    <country>UNITED ARAB EMIRATES</country>
    <listStatus>Normal</listStatus>
    <destinationport>80</destinationport>
    <ImagePath>Images/WIValid.png</ImagePath>
  </WorldMap>
  <WorldMap>
    <UserName>Check</UserName>
    <ipAddess>2.50.189.194</ipAddess>
    <ipAddessTarget>10.25.1.214</ipAddessTarget>
    <creationTime>2015-02-02 04:00:00.0000000</creationTime>
    <attackCount>261</attackCount>
    <latitude>25.25817</latitude>
    <longitude>55.30472</longitude>
    <city>DUBAI</city>
    <country>UNITED ARAB EMIRATES</country>
    <listStatus>Normal</listStatus>
    <destinationport>80</destinationport>
    <ImagePath>Images/WIValid.png</ImagePath>
  </WorldMap>
  <WorldMap>
    <UserName>Check</UserName>
    <ipAddess>83.110.88.64</ipAddess>
    <ipAddessTarget>10.25.1.215</ipAddessTarget>
    <creationTime>2015-02-02 04:00:00.0000000</creationTime>
    <attackCount>256</attackCount>
    <latitude>24.46667</latitude>
    <longitude>54.36667</longitude>
    <city>ABU DHABI</city>
    <country>UNITED ARAB EMIRATES</country>
    <listStatus>Normal</listStatus>
    <destinationport>80</destinationport>
    <ImagePath>Images/WIValid.png</ImagePath>
  </WorldMap>
  <WorldMap>
    <UserName>Check</UserName>
    <ipAddess>2.50.155.105</ipAddess>
    <ipAddessTarget>10.25.1.202</ipAddessTarget>
    <creationTime>2015-02-02 04:00:00.0000000</creationTime>
    <attackCount>252</attackCount>
    <latitude>24.46667</latitude>
    <longitude>54.36667</longitude>
    <city>ABU DHABI</city>
    <country>UNITED ARAB EMIRATES</country>
    <listStatus>Normal</listStatus>
    <destinationport>443</destinationport>
    <ImagePath>Images/WIValid.png</ImagePath>
  </WorldMap>
  <WorldMap>
    <UserName>Check</UserName>
    <ipAddess>2.50.140.216</ipAddess>
    <ipAddessTarget>10.25.1.215</ipAddessTarget>
    <creationTime>2015-02-02 04:00:00.0000000</creationTime>
    <attackCount>249</attackCount>
    <latitude>25.25817</latitude>
    <longitude>55.30472</longitude>
    <city>DUBAI</city>
    <country>UNITED ARAB EMIRATES</country>
    <listStatus>Normal</listStatus>
    <destinationport>80</destinationport>
    <ImagePath>Images/WIValid.png</ImagePath>
  </WorldMap>
  <WorldMap>
    <UserName>Check</UserName>
    <ipAddess>83.110.72.52</ipAddess>
    <ipAddessTarget>10.25.1.215</ipAddessTarget>
    <creationTime>2015-02-02 04:00:00.0000000</creationTime>
    <attackCount>247</attackCount>
    <latitude>24.46667</latitude>
    <longitude>54.36667</longitude>
    <city>ABU DHABI</city>
    <country>UNITED ARAB EMIRATES</country>
    <listStatus>Normal</listStatus>
    <destinationport>80</destinationport>
    <ImagePath>Images/WIValid.png</ImagePath>
  </WorldMap>
  <WorldMap>
    <UserName>Check</UserName>
    <ipAddess>2.50.170.151</ipAddess>
    <ipAddessTarget>10.25.1.214</ipAddessTarget>
    <creationTime>2015-02-02 04:00:00.0000000</creationTime>
    <attackCount>242</attackCount>
    <latitude>25.25817</latitude>
    <longitude>55.30472</longitude>
    <city>DUBAI</city>
    <country>UNITED ARAB EMIRATES</country>
    <listStatus>Normal</listStatus>
    <destinationport>80</destinationport>
    <ImagePath>Images/WIValid.png</ImagePath>
  </WorldMap>
  <WorldMap>
    <UserName>Check</UserName>
    <ipAddess>2.50.135.60</ipAddess>
    <ipAddessTarget>10.25.1.215</ipAddessTarget>
    <creationTime>2015-02-02 04:00:00.0000000</creationTime>
    <attackCount>1861</attackCount>
    <latitude>24.11028</latitude>
    <longitude>52.73056</longitude>
    <city>AR RUWAYS</city>
    <country>UNITED ARAB EMIRATES</country>
    <listStatus>Normal</listStatus>
    <destinationport>80</destinationport>
    <ImagePath>Images/WIValid.png</ImagePath>
  </WorldMap>
  <WorldMap>
    <UserName>Check</UserName>
    <ipAddess>31.218.149.182</ipAddess>
    <ipAddessTarget>10.25.1.198</ipAddessTarget>
    <creationTime>2015-02-02 03:00:00.0000000</creationTime>
    <attackCount>3048</attackCount>
    <latitude>25.25817</latitude>
    <longitude>55.30472</longitude>
    <city>DUBAI</city>
    <country>UNITED ARAB EMIRATES</country>
    <listStatus>Normal</listStatus>
    <destinationport>443</destinationport>
    <ImagePath>Images/WIValid.png</ImagePath>
  </WorldMap>
  <WorldMap>
    <UserName>Check</UserName>
    <ipAddess>2.50.135.251</ipAddess>
    <ipAddessTarget>10.25.1.214</ipAddessTarget>
    <creationTime>2015-02-02 03:00:00.0000000</creationTime>
    <attackCount>1602</attackCount>
    <latitude>24.11028</latitude>
    <longitude>52.73056</longitude>
    <city>AR RUWAYS</city>
    <country>UNITED ARAB EMIRATES</country>
    <listStatus>Normal</listStatus>
    <destinationport>80</destinationport>
    <ImagePath>Images/WIValid.png</ImagePath>
  </WorldMap>
  <WorldMap>
    <UserName>Check</UserName>
    <ipAddess>2.50.135.82</ipAddess>
    <ipAddessTarget>10.25.1.215</ipAddessTarget>
    <creationTime>2015-02-02 03:00:00.0000000</creationTime>
    <attackCount>1498</attackCount>
    <latitude>24.11028</latitude>
    <longitude>52.73056</longitude>
    <city>AR RUWAYS</city>
    <country>UNITED ARAB EMIRATES</country>
    <listStatus>Normal</listStatus>
    <destinationport>80</destinationport>
    <ImagePath>Images/WIValid.png</ImagePath>
  </WorldMap>
  <WorldMap>
    <UserName>Check</UserName>
    <ipAddess>2.50.134.109</ipAddess>
    <ipAddessTarget>10.25.1.215</ipAddessTarget>
    <creationTime>2015-02-02 03:00:00.0000000</creationTime>
    <attackCount>1306</attackCount>
    <latitude>24.46667</latitude>
    <longitude>54.36667</longitude>
    <city>ABU DHABI</city>
    <country>UNITED ARAB EMIRATES</country>
    <listStatus>Normal</listStatus>
    <destinationport>80</destinationport>
    <ImagePath>Images/WIValid.png</ImagePath>
  </WorldMap>
  <WorldMap>
    <UserName>Check</UserName>
    <ipAddess>2.50.135.3</ipAddess>
    <ipAddessTarget>10.25.1.214</ipAddessTarget>
    <creationTime>2015-02-02 03:00:00.0000000</creationTime>
    <attackCount>1167</attackCount>
    <latitude>24.11028</latitude>
    <longitude>52.73056</longitude>
    <city>AR RUWAYS</city>
    <country>UNITED ARAB EMIRATES</country>
    <listStatus>Normal</listStatus>
    <destinationport>80</destinationport>
    <ImagePath>Images/WIValid.png</ImagePath>
  </WorldMap>
  <WorldMap>
    <UserName>Check</UserName>
    <ipAddess>2.50.135.48</ipAddess>
    <ipAddessTarget>10.25.1.214</ipAddessTarget>
    <creationTime>2015-02-02 03:00:00.0000000</creationTime>
    <attackCount>1103</attackCount>
    <latitude>24.11028</latitude>
    <longitude>52.73056</longitude>
    <city>AR RUWAYS</city>
    <country>UNITED ARAB EMIRATES</country>
    <listStatus>Normal</listStatus>
    <destinationport>80</destinationport>
    <ImagePath>Images/WIValid.png</ImagePath>
  </WorldMap>
  <WorldMap>
    <UserName>Check</UserName>
    <ipAddess>2.50.135.38</ipAddess>
    <ipAddessTarget>10.25.1.214</ipAddessTarget>
    <creationTime>2015-02-02 03:00:00.0000000</creationTime>
    <attackCount>1071</attackCount>
    <latitude>24.11028</latitude>
    <longitude>52.73056</longitude>
    <city>AR RUWAYS</city>
    <country>UNITED ARAB EMIRATES</country>
    <listStatus>Normal</listStatus>
    <destinationport>80</destinationport>
    <ImagePath>Images/WIValid.png</ImagePath>
  </WorldMap>
  <WorldMap>
    <UserName>Check</UserName>
    <ipAddess>2.50.134.36</ipAddess>
    <ipAddessTarget>10.25.1.215</ipAddessTarget>
    <creationTime>2015-02-02 03:00:00.0000000</creationTime>
    <attackCount>882</attackCount>
    <latitude>24.46667</latitude>
    <longitude>54.36667</longitude>
    <city>ABU DHABI</city>
    <country>UNITED ARAB EMIRATES</country>
    <listStatus>Normal</listStatus>
    <destinationport>80</destinationport>
    <ImagePath>Images/WIValid.png</ImagePath>
  </WorldMap>
  <WorldMap>
    <UserName>Check</UserName>
    <ipAddess>2.50.135.139</ipAddess>
    <ipAddessTarget>10.25.1.215</ipAddessTarget>
    <creationTime>2015-02-02 03:00:00.0000000</creationTime>
    <attackCount>829</attackCount>
    <latitude>24.11028</latitude>
    <longitude>52.73056</longitude>
    <city>AR RUWAYS</city>
    <country>UNITED ARAB EMIRATES</country>
    <listStatus>Normal</listStatus>
    <destinationport>80</destinationport>
    <ImagePath>Images/WIValid.png</ImagePath>
  </WorldMap>
  <WorldMap>
    <UserName>Check</UserName>
    <ipAddess>2.50.131.13</ipAddess>
    <ipAddessTarget>10.25.1.214</ipAddessTarget>
    <creationTime>2015-02-02 03:00:00.0000000</creationTime>
    <attackCount>638</attackCount>
    <latitude>24.19167</latitude>
    <longitude>55.76056</longitude>
    <city>AL 'AYN</city>
    <country>UNITED ARAB EMIRATES</country>
    <listStatus>Normal</listStatus>
    <destinationport>80</destinationport>
    <ImagePath>Images/WIValid.png</ImagePath>
  </WorldMap>
  <WorldMap>
    <UserName>Check</UserName>
    <ipAddess>2.50.135.208</ipAddess>
    <ipAddessTarget>10.25.1.215</ipAddessTarget>
    <creationTime>2015-02-02 03:00:00.0000000</creationTime>
    <attackCount>628</attackCount>
    <latitude>24.11028</latitude>
    <longitude>52.73056</longitude>
    <city>AR RUWAYS</city>
    <country>UNITED ARAB EMIRATES</country>
    <listStatus>Normal</listStatus>
    <destinationport>80</destinationport>
    <ImagePath>Images/WIValid.png</ImagePath>
  </WorldMap>
  <WorldMap>
    <UserName>Check</UserName>
    <ipAddess>2.50.135.218</ipAddess>
    <ipAddessTarget>10.25.1.215</ipAddessTarget>
    <creationTime>2015-02-02 03:00:00.0000000</creationTime>
    <attackCount>570</attackCount>
    <latitude>24.11028</latitude>
    <longitude>52.73056</longitude>
    <city>AR RUWAYS</city>
    <country>UNITED ARAB EMIRATES</country>
    <listStatus>Normal</listStatus>
    <destinationport>80</destinationport>
    <ImagePath>Images/WIValid.png</ImagePath>
  </WorldMap>
  <WorldMap>
    <UserName>Check</UserName>
    <ipAddess>2.49.140.215</ipAddess>
    <ipAddessTarget>10.25.1.215</ipAddessTarget>
    <creationTime>2015-02-02 03:00:00.0000000</creationTime>
    <attackCount>506</attackCount>
    <latitude>25.25817</latitude>
    <longitude>55.30472</longitude>
    <city>DUBAI</city>
    <country>UNITED ARAB EMIRATES</country>
    <listStatus>Normal</listStatus>
    <destinationport>80</destinationport>
    <ImagePath>Images/WIValid.png</ImagePath>
  </WorldMap>
  <WorldMap>
    <UserName>Check</UserName>
    <ipAddess>2.50.135.71</ipAddess>
    <ipAddessTarget>10.25.1.214</ipAddessTarget>
    <creationTime>2015-02-02 03:00:00.0000000</creationTime>
    <attackCount>499</attackCount>
    <latitude>24.11028</latitude>
    <longitude>52.73056</longitude>
    <city>AR RUWAYS</city>
    <country>UNITED ARAB EMIRATES</country>
    <listStatus>Normal</listStatus>
    <destinationport>80</destinationport>
    <ImagePath>Images/WIValid.png</ImagePath>
  </WorldMap>
  <WorldMap>
    <UserName>Check</UserName>
    <ipAddess>2.50.168.35</ipAddess>
    <ipAddessTarget>10.25.1.215</ipAddessTarget>
    <creationTime>2015-02-02 03:00:00.0000000</creationTime>
    <attackCount>462</attackCount>
    <latitude>25.25817</latitude>
    <longitude>55.30472</longitude>
    <city>DUBAI</city>
    <country>UNITED ARAB EMIRATES</country>
    <listStatus>Normal</listStatus>
    <destinationport>80</destinationport>
    <ImagePath>Images/WIValid.png</ImagePath>
  </WorldMap>
  <WorldMap>
    <UserName>Check</UserName>
    <ipAddess>83.110.89.11</ipAddess>
    <ipAddessTarget>10.25.1.214</ipAddessTarget>
    <creationTime>2015-02-02 03:00:00.0000000</creationTime>
    <attackCount>438</attackCount>
    <latitude>24.46667</latitude>
    <longitude>54.36667</longitude>
    <city>ABU DHABI</city>
    <country>UNITED ARAB EMIRATES</country>
    <listStatus>Normal</listStatus>
    <destinationport>80</destinationport>
    <ImagePath>Images/WIValid.png</ImagePath>
  </WorldMap>
  <WorldMap>
    <UserName>Check</UserName>
    <ipAddess>2.50.18.157</ipAddess>
    <ipAddessTarget>10.25.1.202</ipAddessTarget>
    <creationTime>2015-02-02 03:00:00.0000000</creationTime>
    <attackCount>352</attackCount>
    <latitude>25.25817</latitude>
    <longitude>55.30472</longitude>
    <city>DUBAI</city>
    <country>UNITED ARAB EMIRATES</country>
    <listStatus>Normal</listStatus>
    <destinationport>443</destinationport>
    <ImagePath>Images/WIValid.png</ImagePath>
  </WorldMap>
  <WorldMap>
    <UserName>Check</UserName>
    <ipAddess>2.50.131.113</ipAddess>
    <ipAddessTarget>10.25.1.215</ipAddessTarget>
    <creationTime>2015-02-02 03:00:00.0000000</creationTime>
    <attackCount>318</attackCount>
    <latitude>24.19167</latitude>
    <longitude>55.76056</longitude>
    <city>AL 'AYN</city>
    <country>UNITED ARAB EMIRATES</country>
    <listStatus>Normal</listStatus>
    <destinationport>80</destinationport>
    <ImagePath>Images/WIValid.png</ImagePath>
  </WorldMap>
  <WorldMap>
    <UserName>Check</UserName>
    <ipAddess>2.50.135.60</ipAddess>
    <ipAddessTarget>10.25.1.214</ipAddessTarget>
    <creationTime>2015-02-02 03:00:00.0000000</creationTime>
    <attackCount>310</attackCount>
    <latitude>24.11028</latitude>
    <longitude>52.73056</longitude>
    <city>AR RUWAYS</city>
    <country>UNITED ARAB EMIRATES</country>
    <listStatus>Normal</listStatus>
    <destinationport>80</destinationport>
    <ImagePath>Images/WIValid.png</ImagePath>
  </WorldMap>
  <WorldMap>
    <UserName>Check</UserName>
    <ipAddess>2.50.17.173</ipAddess>
    <ipAddessTarget>10.25.1.215</ipAddessTarget>
    <creationTime>2015-02-02 03:00:00.0000000</creationTime>
    <attackCount>265</attackCount>
    <latitude>25.25817</latitude>
    <longitude>55.30472</longitude>
    <city>DUBAI</city>
    <country>UNITED ARAB EMIRATES</country>
    <listStatus>Normal</listStatus>
    <destinationport>80</destinationport>
    <ImagePath>Images/WIValid.png</ImagePath>
  </WorldMap>
  <WorldMap>
    <UserName>Check</UserName>
    <ipAddess>2.50.134.126</ipAddess>
    <ipAddessTarget>10.25.1.214</ipAddessTarget>
    <creationTime>2015-02-02 03:00:00.0000000</creationTime>
    <attackCount>252</attackCount>
    <latitude>24.46667</latitude>
    <longitude>54.36667</longitude>
    <city>ABU DHABI</city>
    <country>UNITED ARAB EMIRATES</country>
    <listStatus>Normal</listStatus>
    <destinationport>80</destinationport>
    <ImagePath>Images/WIValid.png</ImagePath>
  </WorldMap>
  <WorldMap>
    <UserName>Check</UserName>
    <ipAddess>2.50.161.254</ipAddess>
    <ipAddessTarget>10.25.1.215</ipAddessTarget>
    <creationTime>2015-02-02 03:00:00.0000000</creationTime>
    <attackCount>245</attackCount>
    <latitude>25.25817</latitude>
    <longitude>55.30472</longitude>
    <city>DUBAI</city>
    <country>UNITED ARAB EMIRATES</country>
    <listStatus>Normal</listStatus>
    <destinationport>80</destinationport>
    <ImagePath>Images/WIValid.png</ImagePath>
  </WorldMap>
  <WorldMap>
    <UserName>Check</UserName>
    <ipAddess>2.50.135.199</ipAddess>
    <ipAddessTarget>10.25.1.215</ipAddessTarget>
    <creationTime>2015-02-02 03:00:00.0000000</creationTime>
    <attackCount>239</attackCount>
    <latitude>24.11028</latitude>
    <longitude>52.73056</longitude>
    <city>AR RUWAYS</city>
    <country>UNITED ARAB EMIRATES</country>
    <listStatus>Normal</listStatus>
    <destinationport>80</destinationport>
    <ImagePath>Images/WIValid.png</ImagePath>
  </WorldMap>
  <WorldMap>
    <UserName>Check</UserName>
    <ipAddess>2.50.180.57</ipAddess>
    <ipAddessTarget>10.25.1.202</ipAddessTarget>
    <creationTime>2015-02-02 03:00:00.0000000</creationTime>
    <attackCount>237</attackCount>
    <latitude>24.46667</latitude>
    <longitude>54.36667</longitude>
    <city>ABU DHABI</city>
    <country>UNITED ARAB EMIRATES</country>
    <listStatus>Normal</listStatus>
    <destinationport>443</destinationport>
    <ImagePath>Images/WIValid.png</ImagePath>
  </WorldMap>
  <WorldMap>
    <UserName>Check</UserName>
    <ipAddess>2.50.135.67</ipAddess>
    <ipAddessTarget>10.25.1.215</ipAddessTarget>
    <creationTime>2015-02-02 03:00:00.0000000</creationTime>
    <attackCount>237</attackCount>
    <latitude>24.11028</latitude>
    <longitude>52.73056</longitude>
    <city>AR RUWAYS</city>
    <country>UNITED ARAB EMIRATES</country>
    <listStatus>Normal</listStatus>
    <destinationport>80</destinationport>
    <ImagePath>Images/WIValid.png</ImagePath>
  </WorldMap>
  <WorldMap>
    <UserName>Check</UserName>
    <ipAddess>2.50.135.79</ipAddess>
    <ipAddessTarget>10.25.1.215</ipAddessTarget>
    <creationTime>2015-02-02 03:00:00.0000000</creationTime>
    <attackCount>232</attackCount>
    <latitude>24.11028</latitude>
    <longitude>52.73056</longitude>
    <city>AR RUWAYS</city>
    <country>UNITED ARAB EMIRATES</country>
    <listStatus>Normal</listStatus>
    <destinationport>80</destinationport>
    <ImagePath>Images/WIValid.png</ImagePath>
  </WorldMap>
  <WorldMap>
    <UserName>Check</UserName>
    <ipAddess>2.50.149.225</ipAddess>
    <ipAddessTarget>10.25.1.198</ipAddessTarget>
    <creationTime>2015-02-02 03:00:00.0000000</creationTime>
    <attackCount>183</attackCount>
    <latitude>24.46667</latitude>
    <longitude>54.36667</longitude>
    <city>ABU DHABI</city>
    <country>UNITED ARAB EMIRATES</country>
    <listStatus>Normal</listStatus>
    <destinationport>443</destinationport>
    <ImagePath>Images/WIValid.png</ImagePath>
  </WorldMap>
  <WorldMap>
    <UserName>Check</UserName>
    <ipAddess>2.50.151.141</ipAddess>
    <ipAddessTarget>10.25.1.215</ipAddessTarget>
    <creationTime>2015-02-02 03:00:00.0000000</creationTime>
    <attackCount>155</attackCount>
    <latitude>25.25817</latitude>
    <longitude>55.30472</longitude>
    <city>DUBAI</city>
    <country>UNITED ARAB EMIRATES</country>
    <listStatus>Normal</listStatus>
    <destinationport>80</destinationport>
    <ImagePath>Images/WIValid.png</ImagePath>
  </WorldMap>
  <WorldMap>
    <UserName>Check</UserName>
    <ipAddess>94.200.171.2</ipAddess>
    <ipAddessTarget>10.25.1.203</ipAddessTarget>
    <creationTime>2015-02-02 03:00:00.0000000</creationTime>
    <attackCount>155</attackCount>
    <latitude>24.46667</latitude>
    <longitude>54.36667</longitude>
    <city>ABU DHABI</city>
    <country>UNITED ARAB EMIRATES</country>
    <listStatus>Normal</listStatus>
    <destinationport>443</destinationport>
    <ImagePath>Images/WIValid.png</ImagePath>
  </WorldMap>
  <WorldMap>
    <UserName>Check</UserName>
    <ipAddess>2.50.156.170</ipAddess>
    <ipAddessTarget>10.25.1.215</ipAddessTarget>
    <creationTime>2015-02-02 03:00:00.0000000</creationTime>
    <attackCount>152</attackCount>
    <latitude>25.25817</latitude>
    <longitude>55.30472</longitude>
    <city>DUBAI</city>
    <country>UNITED ARAB EMIRATES</country>
    <listStatus>Normal</listStatus>
    <destinationport>80</destinationport>
    <ImagePath>Images/WIValid.png</ImagePath>
  </WorldMap>
  <WorldMap>
    <UserName>Check</UserName>
    <ipAddess>2.50.135.43</ipAddess>
    <ipAddessTarget>10.25.1.214</ipAddessTarget>
    <creationTime>2015-02-02 03:00:00.0000000</creationTime>
    <attackCount>125</attackCount>
    <latitude>24.11028</latitude>
    <longitude>52.73056</longitude>
    <city>AR RUWAYS</city>
    <country>UNITED ARAB EMIRATES</country>
    <listStatus>Normal</listStatus>
    <destinationport>80</destinationport>
    <ImagePath>Images/WIValid.png</ImagePath>
  </WorldMap>
  <WorldMap>
    <UserName>Check</UserName>
    <ipAddess>2.50.134.36</ipAddess>
    <ipAddessTarget>10.25.1.214</ipAddessTarget>
    <creationTime>2015-02-02 03:00:00.0000000</creationTime>
    <attackCount>109</attackCount>
    <latitude>24.46667</latitude>
    <longitude>54.36667</longitude>
    <city>ABU DHABI</city>
    <country>UNITED ARAB EMIRATES</country>
    <listStatus>Normal</listStatus>
    <destinationport>80</destinationport>
    <ImagePath>Images/WIValid.png</ImagePath>
  </WorldMap>
  <WorldMap>
    <UserName>Check</UserName>
    <ipAddess>92.99.30.232</ipAddess>
    <ipAddessTarget>10.25.1.198</ipAddessTarget>
    <creationTime>2015-02-02 03:00:00.0000000</creationTime>
    <attackCount>106</attackCount>
    <latitude>25.25817</latitude>
    <longitude>55.30472</longitude>
    <city>DUBAI</city>
    <country>UNITED ARAB EMIRATES</country>
    <listStatus>Normal</listStatus>
    <destinationport>443</destinationport>
    <ImagePath>Images/WIValid.png</ImagePath>
  </WorldMap>
  <WorldMap>
    <UserName>Check</UserName>
    <ipAddess>2.50.135.182</ipAddess>
    <ipAddessTarget>10.25.1.214</ipAddessTarget>
    <creationTime>2015-02-02 03:00:00.0000000</creationTime>
    <attackCount>106</attackCount>
    <latitude>24.11028</latitude>
    <longitude>52.73056</longitude>
    <city>AR RUWAYS</city>
    <country>UNITED ARAB EMIRATES</country>
    <listStatus>Normal</listStatus>
    <destinationport>80</destinationport>
    <ImagePath>Images/WIValid.png</ImagePath>
  </WorldMap>
  <WorldMap>
    <UserName>Check</UserName>
    <ipAddess>94.201.234.165</ipAddess>
    <ipAddessTarget>10.25.1.198</ipAddessTarget>
    <creationTime>2015-02-02 03:00:00.0000000</creationTime>
    <attackCount>102</attackCount>
    <latitude>25.78953</latitude>
    <longitude>55.9432</longitude>
    <city>RA'S AL KHAYMAH</city>
    <country>UNITED ARAB EMIRATES</country>
    <listStatus>Normal</listStatus>
    <destinationport>443</destinationport>
    <ImagePath>Images/WIValid.png</ImagePath>
  </WorldMap>
  <WorldMap>
    <UserName>Check</UserName>
    <ipAddess>2.51.157.76</ipAddess>
    <ipAddessTarget>10.25.1.198</ipAddessTarget>
    <creationTime>2015-02-02 03:00:00.0000000</creationTime>
    <attackCount>100</attackCount>
    <latitude>24.11028</latitude>
    <longitude>52.73056</longitude>
    <city>AR RUWAYS</city>
    <country>UNITED ARAB EMIRATES</country>
    <listStatus>Normal</listStatus>
    <destinationport>443</destinationport>
    <ImagePath>Images/WIValid.png</ImagePath>
  </WorldMap>
  <WorldMap>
    <UserName>Check</UserName>
    <ipAddess>94.201.234.228</ipAddess>
    <ipAddessTarget>10.25.1.198</ipAddessTarget>
    <creationTime>2015-02-02 03:00:00.0000000</creationTime>
    <attackCount>94</attackCount>
    <latitude>25.78953</latitude>
    <longitude>55.9432</longitude>
    <city>RA'S AL KHAYMAH</city>
    <country>UNITED ARAB EMIRATES</country>
    <listStatus>Normal</listStatus>
    <destinationport>443</destinationport>
    <ImagePath>Images/WIValid.png</ImagePath>
  </WorldMap>
  <WorldMap>
    <UserName>Check</UserName>
    <ipAddess>37.245.236.39</ipAddess>
    <ipAddessTarget>10.25.1.198</ipAddessTarget>
    <creationTime>2015-02-02 03:00:00.0000000</creationTime>
    <attackCount>93</attackCount>
    <latitude>25.25817</latitude>
    <longitude>55.30472</longitude>
    <city>DUBAI</city>
    <country>UNITED ARAB EMIRATES</country>
    <listStatus>Normal</listStatus>
    <destinationport>443</destinationport>
    <ImagePath>Images/WIValid.png</ImagePath>
  </WorldMap>
  <WorldMap>
    <UserName>Check</UserName>
    <ipAddess>2.50.134.115</ipAddess>
    <ipAddessTarget>10.25.1.215</ipAddessTarget>
    <creationTime>2015-02-02 03:00:00.0000000</creationTime>
    <attackCount>86</attackCount>
    <latitude>24.46667</latitude>
    <longitude>54.36667</longitude>
    <city>ABU DHABI</city>
    <country>UNITED ARAB EMIRATES</country>
    <listStatus>Normal</listStatus>
    <destinationport>80</destinationport>
    <ImagePath>Images/WIValid.png</ImagePath>
  </WorldMap>
  <WorldMap>
    <UserName>Check</UserName>
    <ipAddess>2.50.148.142</ipAddess>
    <ipAddessTarget>10.25.1.203</ipAddessTarget>
    <creationTime>2015-02-02 03:00:00.0000000</creationTime>
    <attackCount>72</attackCount>
    <latitude>24.46667</latitude>
    <longitude>54.36667</longitude>
    <city>ABU DHABI</city>
    <country>UNITED ARAB EMIRATES</country>
    <listStatus>Normal</listStatus>
    <destinationport>443</destinationport>
    <ImagePath>Images/WIValid.png</ImagePath>
  </WorldMap>
  <WorldMap>
    <UserName>Check</UserName>
    <ipAddess>91.74.82.68</ipAddess>
    <ipAddessTarget>10.25.1.198</ipAddessTarget>
    <creationTime>2015-02-02 03:00:00.0000000</creationTime>
    <attackCount>72</attackCount>
    <latitude>25.25817</latitude>
    <longitude>55.30472</longitude>
    <city>DUBAI</city>
    <country>UNITED ARAB EMIRATES</country>
    <listStatus>Normal</listStatus>
    <destinationport>443</destinationport>
    <ImagePath>Images/WIValid.png</ImagePath>
  </WorldMap>
  <WorldMap>
    <UserName>Check</UserName>
    <ipAddess>2.50.135.21</ipAddess>
    <ipAddessTarget>10.25.1.215</ipAddessTarget>
    <creationTime>2015-02-02 03:00:00.0000000</creationTime>
    <attackCount>70</attackCount>
    <latitude>24.11028</latitude>
    <longitude>52.73056</longitude>
    <city>AR RUWAYS</city>
    <country>UNITED ARAB EMIRATES</country>
    <listStatus>Normal</listStatus>
    <destinationport>80</destinationport>
    <ImagePath>Images/WIValid.png</ImagePath>
  </WorldMap>
  <WorldMap>
    <UserName>Check</UserName>
    <ipAddess>83.110.89.11</ipAddess>
    <ipAddessTarget>10.25.1.215</ipAddessTarget>
    <creationTime>2015-02-02 03:00:00.0000000</creationTime>
    <attackCount>1964</attackCount>
    <latitude>24.46667</latitude>
    <longitude>54.36667</longitude>
    <city>ABU DHABI</city>
    <country>UNITED ARAB EMIRATES</country>
    <listStatus>Normal</listStatus>
    <destinationport>80</destinationport>
    <ImagePath>Images/WIValid.png</ImagePath>
  </WorldMap>
  <WorldMap>
    <UserName>Check</UserName>
    <ipAddess>31.218.149.182</ipAddess>
    <ipAddessTarget>10.25.1.198</ipAddessTarget>
    <creationTime>2015-02-02 02:00:00.0000000</creationTime>
    <attackCount>5294</attackCount>
    <latitude>25.25817</latitude>
    <longitude>55.30472</longitude>
    <city>DUBAI</city>
    <country>UNITED ARAB EMIRATES</country>
    <listStatus>Normal</listStatus>
    <destinationport>443</destinationport>
    <ImagePath>Images/WIValid.png</ImagePath>
  </WorldMap>
  <WorldMap>
    <UserName>Check</UserName>
    <ipAddess>2.50.168.35</ipAddess>
    <ipAddessTarget>10.25.1.215</ipAddessTarget>
    <creationTime>2015-02-02 02:00:00.0000000</creationTime>
    <attackCount>53</attackCount>
    <latitude>25.25817</latitude>
    <longitude>55.30472</longitude>
    <city>DUBAI</city>
    <country>UNITED ARAB EMIRATES</country>
    <listStatus>Normal</listStatus>
    <destinationport>80</destinationport>
    <ImagePath>Images/WIValid.png</ImagePath>
  </WorldMap>
  <WorldMap>
    <UserName>Check</UserName>
    <ipAddess>2.50.135.208</ipAddess>
    <ipAddessTarget>10.25.1.215</ipAddessTarget>
    <creationTime>2015-02-02 02:00:00.0000000</creationTime>
    <attackCount>1368</attackCount>
    <latitude>24.11028</latitude>
    <longitude>52.73056</longitude>
    <city>AR RUWAYS</city>
    <country>UNITED ARAB EMIRATES</country>
    <listStatus>Normal</listStatus>
    <destinationport>80</destinationport>
    <ImagePath>Images/WIValid.png</ImagePath>
  </WorldMap>
  <WorldMap>
    <UserName>Check</UserName>
    <ipAddess>2.50.135.182</ipAddess>
    <ipAddessTarget>10.25.1.214</ipAddessTarget>
    <creationTime>2015-02-02 02:00:00.0000000</creationTime>
    <attackCount>917</attackCount>
    <latitude>24.11028</latitude>
    <longitude>52.73056</longitude>
    <city>AR RUWAYS</city>
    <country>UNITED ARAB EMIRATES</country>
    <listStatus>Normal</listStatus>
    <destinationport>80</destinationport>
    <ImagePath>Images/WIValid.png</ImagePath>
  </WorldMap>
  <WorldMap>
    <UserName>Check</UserName>
    <ipAddess>2.50.135.3</ipAddess>
    <ipAddessTarget>10.25.1.214</ipAddessTarget>
    <creationTime>2015-02-02 02:00:00.0000000</creationTime>
    <attackCount>741</attackCount>
    <latitude>24.11028</latitude>
    <longitude>52.73056</longitude>
    <city>AR RUWAYS</city>
    <country>UNITED ARAB EMIRATES</country>
    <listStatus>Normal</listStatus>
    <destinationport>80</destinationport>
    <ImagePath>Images/WIValid.png</ImagePath>
  </WorldMap>
  <WorldMap>
    <UserName>Check</UserName>
    <ipAddess>2.50.135.67</ipAddess>
    <ipAddessTarget>10.25.1.215</ipAddessTarget>
    <creationTime>2015-02-02 02:00:00.0000000</creationTime>
    <attackCount>614</attackCount>
    <latitude>24.11028</latitude>
    <longitude>52.73056</longitude>
    <city>AR RUWAYS</city>
    <country>UNITED ARAB EMIRATES</country>
    <listStatus>Normal</listStatus>
    <destinationport>80</destinationport>
    <ImagePath>Images/WIValid.png</ImagePath>
  </WorldMap>
  <WorldMap>
    <UserName>Check</UserName>
    <ipAddess>2.50.135.71</ipAddess>
    <ipAddessTarget>10.25.1.214</ipAddessTarget>
    <creationTime>2015-02-02 02:00:00.0000000</creationTime>
    <attackCount>587</attackCount>
    <latitude>24.11028</latitude>
    <longitude>52.73056</longitude>
    <city>AR RUWAYS</city>
    <country>UNITED ARAB EMIRATES</country>
    <listStatus>Normal</listStatus>
    <destinationport>80</destinationport>
    <ImagePath>Images/WIValid.png</ImagePath>
  </WorldMap>
  <WorldMap>
    <UserName>Check</UserName>
    <ipAddess>2.50.135.251</ipAddess>
    <ipAddessTarget>10.25.1.214</ipAddessTarget>
    <creationTime>2015-02-02 02:00:00.0000000</creationTime>
    <attackCount>537</attackCount>
    <latitude>24.11028</latitude>
    <longitude>52.73056</longitude>
    <city>AR RUWAYS</city>
    <country>UNITED ARAB EMIRATES</country>
    <listStatus>Normal</listStatus>
    <destinationport>80</destinationport>
    <ImagePath>Images/WIValid.png</ImagePath>
  </WorldMap>
  <WorldMap>
    <UserName>Check</UserName>
    <ipAddess>2.50.134.36</ipAddess>
    <ipAddessTarget>10.25.1.215</ipAddessTarget>
    <creationTime>2015-02-02 02:00:00.0000000</creationTime>
    <attackCount>488</attackCount>
    <latitude>24.46667</latitude>
    <longitude>54.36667</longitude>
    <city>ABU DHABI</city>
    <country>UNITED ARAB EMIRATES</country>
    <listStatus>Normal</listStatus>
    <destinationport>80</destinationport>
    <ImagePath>Images/WIValid.png</ImagePath>
  </WorldMap>
  <WorldMap>
    <UserName>Check</UserName>
    <ipAddess>2.50.134.126</ipAddess>
    <ipAddessTarget>10.25.1.214</ipAddessTarget>
    <creationTime>2015-02-02 02:00:00.0000000</creationTime>
    <attackCount>458</attackCount>
    <latitude>24.46667</latitude>
    <longitude>54.36667</longitude>
    <city>ABU DHABI</city>
    <country>UNITED ARAB EMIRATES</country>
    <listStatus>Normal</listStatus>
    <destinationport>80</destinationport>
    <ImagePath>Images/WIValid.png</ImagePath>
  </WorldMap>
  <WorldMap>
    <UserName>Check</UserName>
    <ipAddess>2.50.135.199</ipAddess>
    <ipAddessTarget>10.25.1.215</ipAddessTarget>
    <creationTime>2015-02-02 02:00:00.0000000</creationTime>
    <attackCount>420</attackCount>
    <latitude>24.11028</latitude>
    <longitude>52.73056</longitude>
    <city>AR RUWAYS</city>
    <country>UNITED ARAB EMIRATES</country>
    <listStatus>Normal</listStatus>
    <destinationport>80</destinationport>
    <ImagePath>Images/WIValid.png</ImagePath>
  </WorldMap>
  <WorldMap>
    <UserName>Check</UserName>
    <ipAddess>2.50.135.60</ipAddess>
    <ipAddessTarget>10.25.1.215</ipAddessTarget>
    <creationTime>2015-02-02 02:00:00.0000000</creationTime>
    <attackCount>399</attackCount>
    <latitude>24.11028</latitude>
    <longitude>52.73056</longitude>
    <city>AR RUWAYS</city>
    <country>UNITED ARAB EMIRATES</country>
    <listStatus>Normal</listStatus>
    <destinationport>80</destinationport>
    <ImagePath>Images/WIValid.png</ImagePath>
  </WorldMap>
  <WorldMap>
    <UserName>Check</UserName>
    <ipAddess>2.50.135.134</ipAddess>
    <ipAddessTarget>10.25.1.214</ipAddessTarget>
    <creationTime>2015-02-02 02:00:00.0000000</creationTime>
    <attackCount>330</attackCount>
    <latitude>24.11028</latitude>
    <longitude>52.73056</longitude>
    <city>AR RUWAYS</city>
    <country>UNITED ARAB EMIRATES</country>
    <listStatus>Normal</listStatus>
    <destinationport>80</destinationport>
    <ImagePath>Images/WIValid.png</ImagePath>
  </WorldMap>
  <WorldMap>
    <UserName>Check</UserName>
    <ipAddess>2.50.135.82</ipAddess>
    <ipAddessTarget>10.25.1.215</ipAddessTarget>
    <creationTime>2015-02-02 02:00:00.0000000</creationTime>
    <attackCount>330</attackCount>
    <latitude>24.11028</latitude>
    <longitude>52.73056</longitude>
    <city>AR RUWAYS</city>
    <country>UNITED ARAB EMIRATES</country>
    <listStatus>Normal</listStatus>
    <destinationport>80</destinationport>
    <ImagePath>Images/WIValid.png</ImagePath>
  </WorldMap>
  <WorldMap>
    <UserName>Check</UserName>
    <ipAddess>2.50.135.60</ipAddess>
    <ipAddessTarget>10.25.1.214</ipAddessTarget>
    <creationTime>2015-02-02 02:00:00.0000000</creationTime>
    <attackCount>315</attackCount>
    <latitude>24.11028</latitude>
    <longitude>52.73056</longitude>
    <city>AR RUWAYS</city>
    <country>UNITED ARAB EMIRATES</country>
    <listStatus>Normal</listStatus>
    <destinationport>80</destinationport>
    <ImagePath>Images/WIValid.png</ImagePath>
  </WorldMap>
  <WorldMap>
    <UserName>Check</UserName>
    <ipAddess>2.50.134.36</ipAddess>
    <ipAddessTarget>10.25.1.214</ipAddessTarget>
    <creationTime>2015-02-02 02:00:00.0000000</creationTime>
    <attackCount>292</attackCount>
    <latitude>24.46667</latitude>
    <longitude>54.36667</longitude>
    <city>ABU DHABI</city>
    <country>UNITED ARAB EMIRATES</country>
    <listStatus>Normal</listStatus>
    <destinationport>80</destinationport>
    <ImagePath>Images/WIValid.png</ImagePath>
  </WorldMap>
  <WorldMap>
    <UserName>Check</UserName>
    <ipAddess>92.99.30.232</ipAddess>
    <ipAddessTarget>10.25.1.198</ipAddessTarget>
    <creationTime>2015-02-02 02:00:00.0000000</creationTime>
    <attackCount>191</attackCount>
    <latitude>25.25817</latitude>
    <longitude>55.30472</longitude>
    <city>DUBAI</city>
    <country>UNITED ARAB EMIRATES</country>
    <listStatus>Normal</listStatus>
    <destinationport>443</destinationport>
    <ImagePath>Images/WIValid.png</ImagePath>
  </WorldMap>
  <WorldMap>
    <UserName>Check</UserName>
    <ipAddess>2.50.135.99</ipAddess>
    <ipAddessTarget>10.25.1.215</ipAddessTarget>
    <creationTime>2015-02-02 02:00:00.0000000</creationTime>
    <attackCount>190</attackCount>
    <latitude>24.11028</latitude>
    <longitude>52.73056</longitude>
    <city>AR RUWAYS</city>
    <country>UNITED ARAB EMIRATES</country>
    <listStatus>Normal</listStatus>
    <destinationport>80</destinationport>
    <ImagePath>Images/WIValid.png</ImagePath>
  </WorldMap>
  <WorldMap>
    <UserName>Check</UserName>
    <ipAddess>2.50.135.48</ipAddess>
    <ipAddessTarget>10.25.1.214</ipAddessTarget>
    <creationTime>2015-02-02 02:00:00.0000000</creationTime>
    <attackCount>175</attackCount>
    <latitude>24.11028</latitude>
    <longitude>52.73056</longitude>
    <city>AR RUWAYS</city>
    <country>UNITED ARAB EMIRATES</country>
    <listStatus>Normal</listStatus>
    <destinationport>80</destinationport>
    <ImagePath>Images/WIValid.png</ImagePath>
  </WorldMap>
  <WorldMap>
    <UserName>Check</UserName>
    <ipAddess>94.200.171.2</ipAddess>
    <ipAddessTarget>10.25.1.203</ipAddessTarget>
    <creationTime>2015-02-02 02:00:00.0000000</creationTime>
    <attackCount>150</attackCount>
    <latitude>24.46667</latitude>
    <longitude>54.36667</longitude>
    <city>ABU DHABI</city>
    <country>UNITED ARAB EMIRATES</country>
    <listStatus>Normal</listStatus>
    <destinationport>443</destinationport>
    <ImagePath>Images/WIValid.png</ImagePath>
  </WorldMap>
  <WorldMap>
    <UserName>Check</UserName>
    <ipAddess>2.50.134.115</ipAddess>
    <ipAddessTarget>10.25.1.215</ipAddessTarget>
    <creationTime>2015-02-02 02:00:00.0000000</creationTime>
    <attackCount>140</attackCount>
    <latitude>24.46667</latitude>
    <longitude>54.36667</longitude>
    <city>ABU DHABI</city>
    <country>UNITED ARAB EMIRATES</country>
    <listStatus>Normal</listStatus>
    <destinationport>80</destinationport>
    <ImagePath>Images/WIValid.png</ImagePath>
  </WorldMap>
  <WorldMap>
    <UserName>Check</UserName>
    <ipAddess>2.50.135.38</ipAddess>
    <ipAddessTarget>10.25.1.214</ipAddessTarget>
    <creationTime>2015-02-02 02:00:00.0000000</creationTime>
    <attackCount>137</attackCount>
    <latitude>24.11028</latitude>
    <longitude>52.73056</longitude>
    <city>AR RUWAYS</city>
    <country>UNITED ARAB EMIRATES</country>
    <listStatus>Normal</listStatus>
    <destinationport>80</destinationport>
    <ImagePath>Images/WIValid.png</ImagePath>
  </WorldMap>
  <WorldMap>
    <UserName>Check</UserName>
    <ipAddess>2.51.157.76</ipAddess>
    <ipAddessTarget>10.25.1.198</ipAddessTarget>
    <creationTime>2015-02-02 02:00:00.0000000</creationTime>
    <attackCount>133</attackCount>
    <latitude>24.11028</latitude>
    <longitude>52.73056</longitude>
    <city>AR RUWAYS</city>
    <country>UNITED ARAB EMIRATES</country>
    <listStatus>Normal</listStatus>
    <destinationport>443</destinationport>
    <ImagePath>Images/WIValid.png</ImagePath>
  </WorldMap>
  <WorldMap>
    <UserName>Check</UserName>
    <ipAddess>2.50.149.225</ipAddess>
    <ipAddessTarget>10.25.1.198</ipAddessTarget>
    <creationTime>2015-02-02 02:00:00.0000000</creationTime>
    <attackCount>125</attackCount>
    <latitude>24.46667</latitude>
    <longitude>54.36667</longitude>
    <city>ABU DHABI</city>
    <country>UNITED ARAB EMIRATES</country>
    <listStatus>Normal</listStatus>
    <destinationport>443</destinationport>
    <ImagePath>Images/WIValid.png</ImagePath>
  </WorldMap>
  <WorldMap>
    <UserName>Check</UserName>
    <ipAddess>2.50.135.79</ipAddess>
    <ipAddessTarget>10.25.1.215</ipAddessTarget>
    <creationTime>2015-02-02 02:00:00.0000000</creationTime>
    <attackCount>119</attackCount>
    <latitude>24.11028</latitude>
    <longitude>52.73056</longitude>
    <city>AR RUWAYS</city>
    <country>UNITED ARAB EMIRATES</country>
    <listStatus>Normal</listStatus>
    <destinationport>80</destinationport>
    <ImagePath>Images/WIValid.png</ImagePath>
  </WorldMap>
  <WorldMap>
    <UserName>Check</UserName>
    <ipAddess>94.201.234.228</ipAddess>
    <ipAddessTarget>10.25.1.198</ipAddessTarget>
    <creationTime>2015-02-02 02:00:00.0000000</creationTime>
    <attackCount>112</attackCount>
    <latitude>25.78953</latitude>
    <longitude>55.9432</longitude>
    <city>RA'S AL KHAYMAH</city>
    <country>UNITED ARAB EMIRATES</country>
    <listStatus>Normal</listStatus>
    <destinationport>443</destinationport>
    <ImagePath>Images/WIValid.png</ImagePath>
  </WorldMap>
  <WorldMap>
    <UserName>Check</UserName>
    <ipAddess>37.245.236.39</ipAddess>
    <ipAddessTarget>10.25.1.198</ipAddessTarget>
    <creationTime>2015-02-02 02:00:00.0000000</creationTime>
    <attackCount>97</attackCount>
    <latitude>25.25817</latitude>
    <longitude>55.30472</longitude>
    <city>DUBAI</city>
    <country>UNITED ARAB EMIRATES</country>
    <listStatus>Normal</listStatus>
    <destinationport>443</destinationport>
    <ImagePath>Images/WIValid.png</ImagePath>
  </WorldMap>
  <WorldMap>
    <UserName>Check</UserName>
    <ipAddess>2.50.135.171</ipAddess>
    <ipAddessTarget>10.25.1.215</ipAddessTarget>
    <creationTime>2015-02-02 02:00:00.0000000</creationTime>
    <attackCount>94</attackCount>
    <latitude>24.11028</latitude>
    <longitude>52.73056</longitude>
    <city>AR RUWAYS</city>
    <country>UNITED ARAB EMIRATES</country>
    <listStatus>Normal</listStatus>
    <destinationport>80</destinationport>
    <ImagePath>Images/WIValid.png</ImagePath>
  </WorldMap>
  <WorldMap>
    <UserName>Check</UserName>
    <ipAddess>2.50.135.89</ipAddess>
    <ipAddessTarget>10.25.1.215</ipAddessTarget>
    <creationTime>2015-02-02 02:00:00.0000000</creationTime>
    <attackCount>78</attackCount>
    <latitude>24.11028</latitude>
    <longitude>52.73056</longitude>
    <city>AR RUWAYS</city>
    <country>UNITED ARAB EMIRATES</country>
    <listStatus>Normal</listStatus>
    <destinationport>80</destinationport>
    <ImagePath>Images/WIValid.png</ImagePath>
  </WorldMap>
  <WorldMap>
    <UserName>Check</UserName>
    <ipAddess>2.50.150.202</ipAddess>
    <ipAddessTarget>10.25.1.215</ipAddessTarget>
    <creationTime>2015-02-02 02:00:00.0000000</creationTime>
    <attackCount>76</attackCount>
    <latitude>24.46667</latitude>
    <longitude>54.36667</longitude>
    <city>ABU DHABI</city>
    <country>UNITED ARAB EMIRATES</country>
    <listStatus>Normal</listStatus>
    <destinationport>80</destinationport>
    <ImagePath>Images/WIValid.png</ImagePath>
  </WorldMap>
  <WorldMap>
    <UserName>Check</UserName>
    <ipAddess>91.74.82.68</ipAddess>
    <ipAddessTarget>10.25.1.198</ipAddessTarget>
    <creationTime>2015-02-02 02:00:00.0000000</creationTime>
    <attackCount>71</attackCount>
    <latitude>25.25817</latitude>
    <longitude>55.30472</longitude>
    <city>DUBAI</city>
    <country>UNITED ARAB EMIRATES</country>
    <listStatus>Normal</listStatus>
    <destinationport>443</destinationport>
    <ImagePath>Images/WIValid.png</ImagePath>
  </WorldMap>
  <WorldMap>
    <UserName>Check</UserName>
    <ipAddess>2.50.135.134</ipAddess>
    <ipAddessTarget>10.25.1.215</ipAddessTarget>
    <creationTime>2015-02-02 02:00:00.0000000</creationTime>
    <attackCount>68</attackCount>
    <latitude>24.11028</latitude>
    <longitude>52.73056</longitude>
    <city>AR RUWAYS</city>
    <country>UNITED ARAB EMIRATES</country>
    <listStatus>Normal</listStatus>
    <destinationport>80</destinationport>
    <ImagePath>Images/WIValid.png</ImagePath>
  </WorldMap>
  <WorldMap>
    <UserName>Check</UserName>
    <ipAddess>2.50.135.21</ipAddess>
    <ipAddessTarget>10.25.1.215</ipAddessTarget>
    <creationTime>2015-02-02 02:00:00.0000000</creationTime>
    <attackCount>61</attackCount>
    <latitude>24.11028</latitude>
    <longitude>52.73056</longitude>
    <city>AR RUWAYS</city>
    <country>UNITED ARAB EMIRATES</country>
    <listStatus>Normal</listStatus>
    <destinationport>80</destinationport>
    <ImagePath>Images/WIValid.png</ImagePath>
  </WorldMap>
  <WorldMap>
    <UserName>Check</UserName>
    <ipAddess>94.201.234.165</ipAddess>
    <ipAddessTarget>10.25.1.198</ipAddessTarget>
    <creationTime>2015-02-02 02:00:00.0000000</creationTime>
    <attackCount>54</attackCount>
    <latitude>25.78953</latitude>
    <longitude>55.9432</longitude>
    <city>RA'S AL KHAYMAH</city>
    <country>UNITED ARAB EMIRATES</country>
    <listStatus>Normal</listStatus>
    <destinationport>443</destinationport>
    <ImagePath>Images/WIValid.png</ImagePath>
  </WorldMap>
  <WorldMap>
    <UserName>Check</UserName>
    <ipAddess>2.50.134.109</ipAddess>
    <ipAddessTarget>10.25.1.215</ipAddessTarget>
    <creationTime>2015-02-02 02:00:00.0000000</creationTime>
    <attackCount>2288</attackCount>
    <latitude>24.46667</latitude>
    <longitude>54.36667</longitude>
    <city>ABU DHABI</city>
    <country>UNITED ARAB EMIRATES</country>
    <listStatus>Normal</listStatus>
    <destinationport>80</destinationport>
    <ImagePath>Images/WIValid.png</ImagePath>
  </WorldMap>
  <WorldMap>
    <UserName>Check</UserName>
    <ipAddess>31.218.149.182</ipAddess>
    <ipAddessTarget>10.25.1.198</ipAddessTarget>
    <creationTime>2015-02-02 01:00:00.0000000</creationTime>
    <attackCount>6373</attackCount>
    <latitude>25.25817</latitude>
    <longitude>55.30472</longitude>
    <city>DUBAI</city>
    <country>UNITED ARAB EMIRATES</country>
    <listStatus>Normal</listStatus>
    <destinationport>443</destinationport>
    <ImagePath>Images/WIValid.png</ImagePath>
  </WorldMap>
  <WorldMap>
    <UserName>Check</UserName>
    <ipAddess>2.50.134.36</ipAddess>
    <ipAddessTarget>10.25.1.215</ipAddessTarget>
    <creationTime>2015-02-02 01:00:00.0000000</creationTime>
    <attackCount>2256</attackCount>
    <latitude>24.46667</latitude>
    <longitude>54.36667</longitude>
    <city>ABU DHABI</city>
    <country>UNITED ARAB EMIRATES</country>
    <listStatus>Normal</listStatus>
    <destinationport>80</destinationport>
    <ImagePath>Images/WIValid.png</ImagePath>
  </WorldMap>
  <WorldMap>
    <UserName>Check</UserName>
    <ipAddess>2.50.134.126</ipAddess>
    <ipAddessTarget>10.25.1.214</ipAddessTarget>
    <creationTime>2015-02-02 01:00:00.0000000</creationTime>
    <attackCount>1468</attackCount>
    <latitude>24.46667</latitude>
    <longitude>54.36667</longitude>
    <city>ABU DHABI</city>
    <country>UNITED ARAB EMIRATES</country>
    <listStatus>Normal</listStatus>
    <destinationport>80</destinationport>
    <ImagePath>Images/WIValid.png</ImagePath>
  </WorldMap>
  <WorldMap>
    <UserName>Check</UserName>
    <ipAddess>2.50.131.13</ipAddess>
    <ipAddessTarget>10.25.1.214</ipAddessTarget>
    <creationTime>2015-02-02 01:00:00.0000000</creationTime>
    <attackCount>1281</attackCount>
    <latitude>24.19167</latitude>
    <longitude>55.76056</longitude>
    <city>AL 'AYN</city>
    <country>UNITED ARAB EMIRATES</country>
    <listStatus>Normal</listStatus>
    <destinationport>80</destinationport>
    <ImagePath>Images/WIValid.png</ImagePath>
  </WorldMap>
  <WorldMap>
    <UserName>Check</UserName>
    <ipAddess>2.50.135.60</ipAddess>
    <ipAddessTarget>10.25.1.214</ipAddessTarget>
    <creationTime>2015-02-02 01:00:00.0000000</creationTime>
    <attackCount>1221</attackCount>
    <latitude>24.11028</latitude>
    <longitude>52.73056</longitude>
    <city>AR RUWAYS</city>
    <country>UNITED ARAB EMIRATES</country>
    <listStatus>Normal</listStatus>
    <destinationport>80</destinationport>
    <ImagePath>Images/WIValid.png</ImagePath>
  </WorldMap>
  <WorldMap>
    <UserName>Check</UserName>
    <ipAddess>2.50.135.71</ipAddess>
    <ipAddessTarget>10.25.1.214</ipAddessTarget>
    <creationTime>2015-02-02 01:00:00.0000000</creationTime>
    <attackCount>1156</attackCount>
    <latitude>24.11028</latitude>
    <longitude>52.73056</longitude>
    <city>AR RUWAYS</city>
    <country>UNITED ARAB EMIRATES</country>
    <listStatus>Normal</listStatus>
    <destinationport>80</destinationport>
    <ImagePath>Images/WIValid.png</ImagePath>
  </WorldMap>
  <WorldMap>
    <UserName>Check</UserName>
    <ipAddess>2.50.135.60</ipAddess>
    <ipAddessTarget>10.25.1.215</ipAddessTarget>
    <creationTime>2015-02-02 01:00:00.0000000</creationTime>
    <attackCount>1091</attackCount>
    <latitude>24.11028</latitude>
    <longitude>52.73056</longitude>
    <city>AR RUWAYS</city>
    <country>UNITED ARAB EMIRATES</country>
    <listStatus>Normal</listStatus>
    <destinationport>80</destinationport>
    <ImagePath>Images/WIValid.png</ImagePath>
  </WorldMap>
  <WorldMap>
    <UserName>Check</UserName>
    <ipAddess>2.50.135.38</ipAddess>
    <ipAddessTarget>10.25.1.214</ipAddessTarget>
    <creationTime>2015-02-02 01:00:00.0000000</creationTime>
    <attackCount>961</attackCount>
    <latitude>24.11028</latitude>
    <longitude>52.73056</longitude>
    <city>AR RUWAYS</city>
    <country>UNITED ARAB EMIRATES</country>
    <listStatus>Normal</listStatus>
    <destinationport>80</destinationport>
    <ImagePath>Images/WIValid.png</ImagePath>
  </WorldMap>
  <WorldMap>
    <UserName>Check</UserName>
    <ipAddess>2.50.135.199</ipAddess>
    <ipAddessTarget>10.25.1.214</ipAddessTarget>
    <creationTime>2015-02-02 01:00:00.0000000</creationTime>
    <attackCount>901</attackCount>
    <latitude>24.11028</latitude>
    <longitude>52.73056</longitude>
    <city>AR RUWAYS</city>
    <country>UNITED ARAB EMIRATES</country>
    <listStatus>Normal</listStatus>
    <destinationport>80</destinationport>
    <ImagePath>Images/WIValid.png</ImagePath>
  </WorldMap>
  <WorldMap>
    <UserName>Check</UserName>
    <ipAddess>2.50.135.199</ipAddess>
    <ipAddessTarget>10.25.1.215</ipAddessTarget>
    <creationTime>2015-02-02 01:00:00.0000000</creationTime>
    <attackCount>727</attackCount>
    <latitude>24.11028</latitude>
    <longitude>52.73056</longitude>
    <city>AR RUWAYS</city>
    <country>UNITED ARAB EMIRATES</country>
    <listStatus>Normal</listStatus>
    <destinationport>80</destinationport>
    <ImagePath>Images/WIValid.png</ImagePath>
  </WorldMap>
  <WorldMap>
    <UserName>Check</UserName>
    <ipAddess>2.50.134.36</ipAddess>
    <ipAddessTarget>10.25.1.214</ipAddessTarget>
    <creationTime>2015-02-02 01:00:00.0000000</creationTime>
    <attackCount>703</attackCount>
    <latitude>24.46667</latitude>
    <longitude>54.36667</longitude>
    <city>ABU DHABI</city>
    <country>UNITED ARAB EMIRATES</country>
    <listStatus>Normal</listStatus>
    <destinationport>80</destinationport>
    <ImagePath>Images/WIValid.png</ImagePath>
  </WorldMap>
  <WorldMap>
    <UserName>Check</UserName>
    <ipAddess>2.50.135.208</ipAddess>
    <ipAddessTarget>10.25.1.215</ipAddessTarget>
    <creationTime>2015-02-02 01:00:00.0000000</creationTime>
    <attackCount>683</attackCount>
    <latitude>24.11028</latitude>
    <longitude>52.73056</longitude>
    <city>AR RUWAYS</city>
    <country>UNITED ARAB EMIRATES</country>
    <listStatus>Normal</listStatus>
    <destinationport>80</destinationport>
    <ImagePath>Images/WIValid.png</ImagePath>
  </WorldMap>
  <WorldMap>
    <UserName>Check</UserName>
    <ipAddess>2.50.135.134</ipAddess>
    <ipAddessTarget>10.25.1.215</ipAddessTarget>
    <creationTime>2015-02-02 01:00:00.0000000</creationTime>
    <attackCount>679</attackCount>
    <latitude>24.11028</latitude>
    <longitude>52.73056</longitude>
    <city>AR RUWAYS</city>
    <country>UNITED ARAB EMIRATES</country>
    <listStatus>Normal</listStatus>
    <destinationport>80</destinationport>
    <ImagePath>Images/WIValid.png</ImagePath>
  </WorldMap>
  <WorldMap>
    <UserName>Check</UserName>
    <ipAddess>2.50.135.99</ipAddess>
    <ipAddessTarget>10.25.1.215</ipAddessTarget>
    <creationTime>2015-02-02 01:00:00.0000000</creationTime>
    <attackCount>448</attackCount>
    <latitude>24.11028</latitude>
    <longitude>52.73056</longitude>
    <city>AR RUWAYS</city>
    <country>UNITED ARAB EMIRATES</country>
    <listStatus>Normal</listStatus>
    <destinationport>80</destinationport>
    <ImagePath>Images/WIValid.png</ImagePath>
  </WorldMap>
  <WorldMap>
    <UserName>Check</UserName>
    <ipAddess>2.50.156.170</ipAddess>
    <ipAddessTarget>10.25.1.215</ipAddessTarget>
    <creationTime>2015-02-02 01:00:00.0000000</creationTime>
    <attackCount>421</attackCount>
    <latitude>25.25817</latitude>
    <longitude>55.30472</longitude>
    <city>DUBAI</city>
    <country>UNITED ARAB EMIRATES</country>
    <listStatus>Normal</listStatus>
    <destinationport>80</destinationport>
    <ImagePath>Images/WIValid.png</ImagePath>
  </WorldMap>
  <WorldMap>
    <UserName>Check</UserName>
    <ipAddess>2.50.135.48</ipAddess>
    <ipAddessTarget>10.25.1.214</ipAddessTarget>
    <creationTime>2015-02-02 01:00:00.0000000</creationTime>
    <attackCount>414</attackCount>
    <latitude>24.11028</latitude>
    <longitude>52.73056</longitude>
    <city>AR RUWAYS</city>
    <country>UNITED ARAB EMIRATES</country>
    <listStatus>Normal</listStatus>
    <destinationport>80</destinationport>
    <ImagePath>Images/WIValid.png</ImagePath>
  </WorldMap>
  <WorldMap>
    <UserName>Check</UserName>
    <ipAddess>2.50.135.3</ipAddess>
    <ipAddessTarget>10.25.1.214</ipAddessTarget>
    <creationTime>2015-02-02 01:00:00.0000000</creationTime>
    <attackCount>289</attackCount>
    <latitude>24.11028</latitude>
    <longitude>52.73056</longitude>
    <city>AR RUWAYS</city>
    <country>UNITED ARAB EMIRATES</country>
    <listStatus>Normal</listStatus>
    <destinationport>80</destinationport>
    <ImagePath>Images/WIValid.png</ImagePath>
  </WorldMap>
  <WorldMap>
    <UserName>Check</UserName>
    <ipAddess>2.50.135.134</ipAddess>
    <ipAddessTarget>10.25.1.214</ipAddessTarget>
    <creationTime>2015-02-02 01:00:00.0000000</creationTime>
    <attackCount>277</attackCount>
    <latitude>24.11028</latitude>
    <longitude>52.73056</longitude>
    <city>AR RUWAYS</city>
    <country>UNITED ARAB EMIRATES</country>
    <listStatus>Normal</listStatus>
    <destinationport>80</destinationport>
    <ImagePath>Images/WIValid.png</ImagePath>
  </WorldMap>
  <WorldMap>
    <UserName>Check</UserName>
    <ipAddess>2.50.135.67</ipAddess>
    <ipAddessTarget>10.25.1.215</ipAddessTarget>
    <creationTime>2015-02-02 01:00:00.0000000</creationTime>
    <attackCount>276</attackCount>
    <latitude>24.11028</latitude>
    <longitude>52.73056</longitude>
    <city>AR RUWAYS</city>
    <country>UNITED ARAB EMIRATES</country>
    <listStatus>Normal</listStatus>
    <destinationport>80</destinationport>
    <ImagePath>Images/WIValid.png</ImagePath>
  </WorldMap>
  <WorldMap>
    <UserName>Check</UserName>
    <ipAddess>2.50.134.109</ipAddess>
    <ipAddessTarget>10.25.1.215</ipAddessTarget>
    <creationTime>2015-02-02 01:00:00.0000000</creationTime>
    <attackCount>245</attackCount>
    <latitude>24.46667</latitude>
    <longitude>54.36667</longitude>
    <city>ABU DHABI</city>
    <country>UNITED ARAB EMIRATES</country>
    <listStatus>Normal</listStatus>
    <destinationport>80</destinationport>
    <ImagePath>Images/WIValid.png</ImagePath>
  </WorldMap>
  <WorldMap>
    <UserName>Check</UserName>
    <ipAddess>92.99.30.232</ipAddess>
    <ipAddessTarget>10.25.1.198</ipAddessTarget>
    <creationTime>2015-02-02 01:00:00.0000000</creationTime>
    <attackCount>185</attackCount>
    <latitude>25.25817</latitude>
    <longitude>55.30472</longitude>
    <city>DUBAI</city>
    <country>UNITED ARAB EMIRATES</country>
    <listStatus>Normal</listStatus>
    <destinationport>443</destinationport>
    <ImagePath>Images/WIValid.png</ImagePath>
  </WorldMap>
  <WorldMap>
    <UserName>Check</UserName>
    <ipAddess>94.200.171.2</ipAddess>
    <ipAddessTarget>10.25.1.203</ipAddessTarget>
    <creationTime>2015-02-02 01:00:00.0000000</creationTime>
    <attackCount>149</attackCount>
    <latitude>24.46667</latitude>
    <longitude>54.36667</longitude>
    <city>ABU DHABI</city>
    <country>UNITED ARAB EMIRATES</country>
    <listStatus>Normal</listStatus>
    <destinationport>443</destinationport>
    <ImagePath>Images/WIValid.png</ImagePath>
  </WorldMap>
  <WorldMap>
    <UserName>Check</UserName>
    <ipAddess>2.50.135.79</ipAddess>
    <ipAddessTarget>10.25.1.215</ipAddessTarget>
    <creationTime>2015-02-02 01:00:00.0000000</creationTime>
    <attackCount>130</attackCount>
    <latitude>24.11028</latitude>
    <longitude>52.73056</longitude>
    <city>AR RUWAYS</city>
    <country>UNITED ARAB EMIRATES</country>
    <listStatus>Normal</listStatus>
    <destinationport>80</destinationport>
    <ImagePath>Images/WIValid.png</ImagePath>
  </WorldMap>
  <WorldMap>
    <UserName>Check</UserName>
    <ipAddess>2.50.149.225</ipAddess>
    <ipAddessTarget>10.25.1.198</ipAddessTarget>
    <creationTime>2015-02-02 01:00:00.0000000</creationTime>
    <attackCount>111</attackCount>
    <latitude>24.46667</latitude>
    <longitude>54.36667</longitude>
    <city>ABU DHABI</city>
    <country>UNITED ARAB EMIRATES</country>
    <listStatus>Normal</listStatus>
    <destinationport>443</destinationport>
    <ImagePath>Images/WIValid.png</ImagePath>
  </WorldMap>
  <WorldMap>
    <UserName>Check</UserName>
    <ipAddess>2.51.157.76</ipAddess>
    <ipAddessTarget>10.25.1.198</ipAddessTarget>
    <creationTime>2015-02-02 01:00:00.0000000</creationTime>
    <attackCount>111</attackCount>
    <latitude>24.11028</latitude>
    <longitude>52.73056</longitude>
    <city>AR RUWAYS</city>
    <country>UNITED ARAB EMIRATES</country>
    <listStatus>Normal</listStatus>
    <destinationport>443</destinationport>
    <ImagePath>Images/WIValid.png</ImagePath>
  </WorldMap>
  <WorldMap>
    <UserName>Check</UserName>
    <ipAddess>2.50.134.115</ipAddess>
    <ipAddessTarget>10.25.1.215</ipAddessTarget>
    <creationTime>2015-02-02 01:00:00.0000000</creationTime>
    <attackCount>101</attackCount>
    <latitude>24.46667</latitude>
    <longitude>54.36667</longitude>
    <city>ABU DHABI</city>
    <country>UNITED ARAB EMIRATES</country>
    <listStatus>Normal</listStatus>
    <destinationport>80</destinationport>
    <ImagePath>Images/WIValid.png</ImagePath>
  </WorldMap>
  <WorldMap>
    <UserName>Check</UserName>
    <ipAddess>94.201.234.228</ipAddess>
    <ipAddessTarget>10.25.1.198</ipAddessTarget>
    <creationTime>2015-02-02 01:00:00.0000000</creationTime>
    <attackCount>100</attackCount>
    <latitude>25.78953</latitude>
    <longitude>55.9432</longitude>
    <city>RA'S AL KHAYMAH</city>
    <country>UNITED ARAB EMIRATES</country>
    <listStatus>Normal</listStatus>
    <destinationport>443</destinationport>
    <ImagePath>Images/WIValid.png</ImagePath>
  </WorldMap>
  <WorldMap>
    <UserName>Check</UserName>
    <ipAddess>37.245.236.39</ipAddess>
    <ipAddessTarget>10.25.1.198</ipAddessTarget>
    <creationTime>2015-02-02 01:00:00.0000000</creationTime>
    <attackCount>97</attackCount>
    <latitude>25.25817</latitude>
    <longitude>55.30472</longitude>
    <city>DUBAI</city>
    <country>UNITED ARAB EMIRATES</country>
    <listStatus>Normal</listStatus>
    <destinationport>443</destinationport>
    <ImagePath>Images/WIValid.png</ImagePath>
  </WorldMap>
  <WorldMap>
    <UserName>Check</UserName>
    <ipAddess>2.50.135.79</ipAddess>
    <ipAddessTarget>10.25.1.214</ipAddessTarget>
    <creationTime>2015-02-02 01:00:00.0000000</creationTime>
    <attackCount>97</attackCount>
    <latitude>24.11028</latitude>
    <longitude>52.73056</longitude>
    <city>AR RUWAYS</city>
    <country>UNITED ARAB EMIRATES</country>
    <listStatus>Normal</listStatus>
    <destinationport>80</destinationport>
    <ImagePath>Images/WIValid.png</ImagePath>
  </WorldMap>
  <WorldMap>
    <UserName>Check</UserName>
    <ipAddess>2.50.135.89</ipAddess>
    <ipAddessTarget>10.25.1.215</ipAddessTarget>
    <creationTime>2015-02-02 01:00:00.0000000</creationTime>
    <attackCount>92</attackCount>
    <latitude>24.11028</latitude>
    <longitude>52.73056</longitude>
    <city>AR RUWAYS</city>
    <country>UNITED ARAB EMIRATES</country>
    <listStatus>Normal</listStatus>
    <destinationport>80</destinationport>
    <ImagePath>Images/WIValid.png</ImagePath>
  </WorldMap>
  <WorldMap>
    <UserName>Check</UserName>
    <ipAddess>2.50.135.21</ipAddess>
    <ipAddessTarget>10.25.1.215</ipAddessTarget>
    <creationTime>2015-02-02 01:00:00.0000000</creationTime>
    <attackCount>77</attackCount>
    <latitude>24.11028</latitude>
    <longitude>52.73056</longitude>
    <city>AR RUWAYS</city>
    <country>UNITED ARAB EMIRATES</country>
    <listStatus>Normal</listStatus>
    <destinationport>80</destinationport>
    <ImagePath>Images/WIValid.png</ImagePath>
  </WorldMap>
  <WorldMap>
    <UserName>Check</UserName>
    <ipAddess>2.50.168.35</ipAddess>
    <ipAddessTarget>10.25.1.215</ipAddessTarget>
    <creationTime>2015-02-02 01:00:00.0000000</creationTime>
    <attackCount>77</attackCount>
    <latitude>25.25817</latitude>
    <longitude>55.30472</longitude>
    <city>DUBAI</city>
    <country>UNITED ARAB EMIRATES</country>
    <listStatus>Normal</listStatus>
    <destinationport>80</destinationport>
    <ImagePath>Images/WIValid.png</ImagePath>
  </WorldMap>
  <WorldMap>
    <UserName>Check</UserName>
    <ipAddess>91.74.82.68</ipAddess>
    <ipAddessTarget>10.25.1.198</ipAddessTarget>
    <creationTime>2015-02-02 01:00:00.0000000</creationTime>
    <attackCount>75</attackCount>
    <latitude>25.25817</latitude>
    <longitude>55.30472</longitude>
    <city>DUBAI</city>
    <country>UNITED ARAB EMIRATES</country>
    <listStatus>Normal</listStatus>
    <destinationport>443</destinationport>
    <ImagePath>Images/WIValid.png</ImagePath>
  </WorldMap>
  <WorldMap>
    <UserName>Check</UserName>
    <ipAddess>2.50.150.202</ipAddess>
    <ipAddessTarget>10.25.1.215</ipAddessTarget>
    <creationTime>2015-02-02 01:00:00.0000000</creationTime>
    <attackCount>75</attackCount>
    <latitude>24.46667</latitude>
    <longitude>54.36667</longitude>
    <city>ABU DHABI</city>
    <country>UNITED ARAB EMIRATES</country>
    <listStatus>Normal</listStatus>
    <destinationport>80</destinationport>
    <ImagePath>Images/WIValid.png</ImagePath>
  </WorldMap>
  <WorldMap>
    <UserName>Check</UserName>
    <ipAddess>2.50.135.82</ipAddess>
    <ipAddessTarget>10.25.1.215</ipAddessTarget>
    <creationTime>2015-02-02 01:00:00.0000000</creationTime>
    <attackCount>59</attackCount>
    <latitude>24.11028</latitude>
    <longitude>52.73056</longitude>
    <city>AR RUWAYS</city>
    <country>UNITED ARAB EMIRATES</country>
    <listStatus>Normal</listStatus>
    <destinationport>80</destinationport>
    <ImagePath>Images/WIValid.png</ImagePath>
  </WorldMap>
  <WorldMap>
    <UserName>Check</UserName>
    <ipAddess>2.50.135.182</ipAddess>
    <ipAddessTarget>10.25.1.214</ipAddessTarget>
    <creationTime>2015-02-02 01:00:00.0000000</creationTime>
    <attackCount>2893</attackCount>
    <latitude>24.11028</latitude>
    <longitude>52.73056</longitude>
    <city>AR RUWAYS</city>
    <country>UNITED ARAB EMIRATES</country>
    <listStatus>Normal</listStatus>
    <destinationport>80</destinationport>
    <ImagePath>Images/WIValid.png</ImagePath>
  </WorldMap>
  <WorldMap>
    <UserName>Check</UserName>
    <ipAddess>DOF</ipAddess>
    <ipAddessTarget>DOF</ipAddessTarget>
    <creationTime>2015-02-02 9:17:00 AM</creationTime>
    <attackCount>0</attackCount>
    <latitude>24.492689</latitude>
    <longitude>54.359386</longitude>
    <city>ABU DHABI</city>
    <country>UNITED ARAB EMIRATES</country>
    <destinationport>HQ</destinationport>
  </WorldMap>
</DocumentElement>